ประทับเวลา,ประเภทของร้านค้า,ราคาขายเฉลี่ยต่อแก้ว (บาท)  / กรอกตัวเลข,ปริมาณที่ขายได้ต่อแก้วในแต่ละวัน / กรอกตัวเลข  *,ลักษณะการซื้อไซรัปของท่าน เป็นแบบใด,ช่วงราคาไซรัปเฉลี่ยต่อขวดที่เหมาะสมอยู่ที่ช่วงใด / ให้เลือก 2 ข้อ ต่ำสุด และราคาสูงสุด หากเลือกอื่นๆ ให้ระบุเป็นตัวเลข,ร้านค้าออนไลน์ร้านใดที่ท่านซื้อไซรัป /ตอบได้หลายข้อ,ร้านค้าออฟไลน์ร้านใดที่ท่านซื้อไซรัป / ตอบได้หลายข้อ,เพราะอะไรถึงซื้อที่นั่น / ตอบได้หลายข้อ,ซื้อแบรนด์ไหนเป็นหลัก /เลือก 2 อันดับ,อิทธิพลต่อการตัดสินใจซื้อ /เลือกได้หลายข้อ,หากมีพรีเซนเตอร์เป็น LGBTQ คุณอยากให้เป็นคนกลุ่มไหน,ข้อเสนอแนะด้านคุณสมบัติของผลิตภัณฑ์ [รสชาติ],ข้อเสนอแนะด้านคุณสมบัติของผลิตภัณฑ์ [กลิ่น],ข้อเสนอแนะด้านคุณสมบัติของผลิตภัณฑ์ [ราคา],ข้อเสนอแนะด้านคุณสมบัติของผลิตภัณฑ์ [ขนาดและปริมาณต่อขวด],ข้อเสนอแนะด้านคุณสมบัติของผลิตภัณฑ์ [ความแข็งแรงของขวด],ข้อเสนอแนะด้านคุณสมบัติของผลิตภัณฑ์ [ความเข้มข้น],ข้อเสนอแนะด้านคุณสมบัติของผลิตภัณฑ์ [สี],ข้อเสนอแนะด้านคุณสมบัติของผลิตภัณฑ์ [ความสะดวกในการใช้ เช่น เท ปั้ม ],ข้อเสนอแนะด้านคุณสมบัติของผลิตภัณฑ์ [ความสะดวกในการตวง วัด],ข้อเสนอแนะด้านคุณสมบัติของผลิตภัณฑ์ [การบอกขั้นตอนการใช้งาน],ข้อเสนอแนะด้านคุณสมบัติของผลิตภัณฑ์ [การให้ข้อมูลผลิตภัณฑ์ เช่นส่วนผสม],ข้อเสนอแนะด้านคุณสมบัติของผลิตภัณฑ์ [จำนวนวันหมดอายุ],ข้อเสนอแนะด้านคุณสมบัติของผลิตภัณฑ์ [ความสวยงามของขวด],ข้อเสนอแนะด้านคุณสมบัติของผลิตภัณฑ์ [การออกแบบกลิ่น/รสใหม่ๆ],ข้อเสนอแนะอื่นๆ  ,เส้นทางสำรวจ,ข้อเสนอแนะด้านคุณสมบัติของผลิตภัณฑ์ (รสชาติ),,อิทธิพลต่อการตัดสินใจซื้อ [-	PC (พนักงานขาย)],อิทธิพลต่อการตัดสินใจซื้อ [-	ชื่อเสียงของร้านที่ซื้อ],อิทธิพลต่อการตัดสินใจซื้อ [-	บรรจุภัณฑ์สวย],อิทธิพลต่อการตัดสินใจซื้อ [-	ทดลองชิม],อิทธิพลต่อการตัดสินใจซื้อ [-	ป้ายโฆษณา],อิทธิพลต่อการตัดสินใจซื้อ [-	TV],อิทธิพลต่อการตัดสินใจซื้อ [-	social media (3 อันดับ)],อิทธิพลต่อการตัดสินใจซื้อ [-	อินฟลู],อิทธิพลต่อการตัดสินใจซื้อ [-	ลูกค้า (ปากต่อปาก)],อิทธิพลต่อการตัดสินใจซื้อ [PC (พนักงานขาย)],อิทธิพลต่อการตัดสินใจซื้อ [ชื่อเสียงของร้านที่ซื้อ],อิทธิพลต่อการตัดสินใจซื้อ [บรรจุภัณฑ์สวย],อิทธิพลต่อการตัดสินใจซื้อ [ทดลองชิม],อิทธิพลต่อการตัดสินใจซื้อ [ป้ายโฆษณา],อิทธิพลต่อการตัดสินใจซื้อ [TV],อิทธิพลต่อการตัดสินใจซื้อ [social media (3 อันดับ)],อิทธิพลต่อการตัดสินใจซื้อ [อินฟลู],อิทธิพลต่อการตัดสินใจซื้อ [ลูกค้า (ปากต่อปาก)],คำถามไม่ระบุชื่อ
5/6/2024 12:07:55,มีแบรนด์,29-49,150-200,ซื้อเป็นขวด,แกลอยละ150+,ซื้อมางแบน,ไม่ซื้อออฟไลน์เลย,คุ้นเคยกับร้านค้า,"ติ่งฟง, เฮลบูบอย","บรรจุภัณฑ์สวย, ลูกค้า (ปากต่อปาก)",G : Gay  ผู้ชายที่รักผู้ชายด้วยกัน,ไม่ปรับปรุง,ไม่ปรับปรุง,ไม่ปรับปรุง,ไม่ปรับปรุง,ไม่ปรับปรุง,ไม่ปรับปรุง,ไม่ปรับปรุง,ไม่ปรับปรุง,ไม่ปรับปรุง,ไม่ปรับปรุง,ไม่ปรับปรุง,ไม่ปรับปรุง,ไม่ปรับปรุง,ไม่ปรับปรุง,,1 สีลม บางรัก สาทร,,,,,,,,,,,,,,,,,,,,,
5/6/2024 12:21:31,ไม่มีแบรนด์,เมนูโซดา,45-50,ซื้อเป็นขวด,80,ไม่ซื้อ Online เลย,Makro,"เดินทางสะดวกร้านใกล้บ้าน, ราคาถูก, มีสินค้าให้เลือก, โปรโมทชั่น (ลด แจก แถม)",ลองบีช,"ทดลองชิม, โฆษณาทาง social media  Facebook, TikTok, IG, ลูกค้า (ปากต่อปาก)",T : Transgender – ผู้หญิงหรือผู้ชายที่ข้ามเพศ,ไม่ปรับปรุง,ไม่ปรับปรุง,ไม่ปรับปรุง,ไม่ปรับปรุง,ไม่ปรับปรุง,ไม่ปรับปรุง,ไม่ปรับปรุง,เพิ่มขึ้น,เพิ่มขึ้น,ไม่ปรับปรุง,เพิ่มขึ้น,ไม่ปรับปรุง,ไม่ปรับปรุง,ไม่ปรับปรุง,,1 สีลม บางรัก สาทร,,,,,,,,,,,,,,,,,,,,,
5/6/2024 12:38:16,ไม่มีแบรนด์,เมนูโซดา,30-40,ซื้อเป็นขวด,75,ไม่ซื้อ Online เลย,ร้านขายอุปกรณ์เบเกอรี่,"เดินทางสะดวกร้านใกล้บ้าน, ไม่ต้องเดินทาง (Online), ราคาถูก, มีสินค้าให้เลือก, คุ้นเคยกับร้านค้า","ติ่งฟง, เฮลบูบอย",ราคาถูกที่สุด,ไม่มีความคิดเห็น,ไม่ปรับปรุง,ไม่ปรับปรุง,ไม่ปรับปรุง,ไม่ปรับปรุง,ไม่ปรับปรุง,ไม่ปรับปรุง,ไม่ปรับปรุง,ไม่ปรับปรุง,ไม่ปรับปรุง,ไม่ปรับปรุง,ไม่ปรับปรุง,ไม่ปรับปรุง,ไม่ปรับปรุง,ไม่ปรับปรุง,ขายของในตลาดเน้นความสะดวกและราคาไม่แพงเนื่องจากไม่ได้ซื้อในปริมาณที่เยอะหมดค่อยซื้อ,1 สีลม บางรัก สาทร,,,,,,,,,,,,,,,,,,,,,
5/6/2024 12:52:10,ไม่มีแบรนด์,30-35,10,ซื้อเป็นขวด,75,ไม่ซื้อ Online เลย,ร้านขายอุปกรณ์เบเกอรี่,"ไม่ต้องเดินทาง (Online), ราคาถูก, มีสินค้าให้เลือก, คุ้นเคยกับร้านค้า","เฟรชชี่, ลองบีช","บรรจุภัณฑ์สวย, ทดลองชิม",T : Transgender – ผู้หญิงหรือผู้ชายที่ข้ามเพศ,ไม่ปรับปรุง,ไม่ปรับปรุง,ลดลง,เพิ่มขึ้น,ไม่ปรับปรุง,ไม่ปรับปรุง,ไม่ปรับปรุง,ไม่ปรับปรุง,ไม่ปรับปรุง,เพิ่มขึ้น,ไม่ปรับปรุง,ไม่ปรับปรุง,ไม่ปรับปรุง,ไม่ปรับปรุง,รสชาติที่ใช้เดิมนี้ดีอยู่แล้วไม่มีความเห็นเพิ่มเติมแต่ราคาอยากให้ถูกลงเพราะจะได้ขายถูกได้,1 สีลม บางรัก สาทร,,,,,,,,,,,,,,,,,,,,,
5/6/2024 13:02:04,ไม่มีแบรนด์,25-40,20,ซื้อเป็นขวด,60,ไม่ซื้อ Online เลย,ร้านขายอุปกรณ์เบเกอรี่,"เดินทางสะดวกร้านใกล้บ้าน, ไม่ต้องเดินทาง (Online), มีสินค้าให้เลือก, คุ้นเคยกับร้านค้า","เฟรชชี่, ติ่งฟง, เฮลบูบอย","บรรจุภัณฑ์สวย, ป้ายโฆษณา",T : Transgender – ผู้หญิงหรือผู้ชายที่ข้ามเพศ,ไม่ปรับปรุง,ไม่ปรับปรุง,ลดลง,ไม่ปรับปรุง,ไม่ปรับปรุง,ไม่ปรับปรุง,ไม่ปรับปรุง,ไม่ปรับปรุง,ไม่ปรับปรุง,ไม่ปรับปรุง,ไม่ปรับปรุง,ไม่ปรับปรุง,เพิ่มขึ้น,ไม่ปรับปรุง,,1 สีลม บางรัก สาทร,,,,,,,,,,,,,,,,,,,,,
5/6/2024 13:08:03,ไม่มีแบรนด์,25-30,10,ซื้อเป็นขวด,70,ไม่ซื้อ Online เลย,ร้านขายอุปกรณ์เบเกอรี่,"เดินทางสะดวกร้านใกล้บ้าน, ไม่ต้องเดินทาง (Online), ราคาถูก, มีสินค้าให้เลือก, คุ้นเคยกับร้านค้า","เฟรชชี่, ติ่งฟง, เฮลบูบอย, ลองบีช","ทดลองชิม, ลูกค้า (ปากต่อปาก)",T : Transgender – ผู้หญิงหรือผู้ชายที่ข้ามเพศ,ไม่ปรับปรุง,ไม่ปรับปรุง,ลดลง,เพิ่มขึ้น,ไม่ปรับปรุง,เพิ่มขึ้น,ไม่ปรับปรุง,ไม่ปรับปรุง,ไม่ปรับปรุง,ไม่ปรับปรุง,ไม่ปรับปรุง,ไม่ปรับปรุง,ไม่ปรับปรุง,ไม่ปรับปรุง,อยากให้ราคาลดลงคิดถึงผู้บริโภคให้มากขึ้น,1 สีลม บางรัก สาทร,,,,,,,,,,,,,,,,,,,,,
5/6/2024 13:19:37,มีแบรนด์,24-29,200,ซื้อยกลัง,"55, 60","Shopee, Lazada","ร้านขายของชำ, ร้านขายอุปกรณ์เบเกอรี่",เดินทางสะดวกร้านใกล้บ้าน,ติ่งฟง,"บรรจุภัณฑ์สวย, อินฟลูเอนเซอร์",B : Bisexual  คนที่รักได้ทั้งชายและหญิง,เพิ่มขึ้น,เพิ่มขึ้น,เพิ่มขึ้น,เพิ่มขึ้น,เพิ่มขึ้น,เพิ่มขึ้น,เพิ่มขึ้น,เพิ่มขึ้น,เพิ่มขึ้น,เพิ่มขึ้น,เพิ่มขึ้น,เพิ่มขึ้น,เพิ่มขึ้น,เพิ่มขึ้น,,1 สีลม บางรัก สาทร,,,,,,,,,,,,,,,,,,,,,
5/6/2024 13:39:51,มีแบรนด์,35-40,10,ซื้อเป็นขวด,60,"Shopee, Lazada",ซื้อออนไลน์เท่านั้น,"ไม่ต้องเดินทาง (Online), ราคาถูก, โปรโมทชั่น (ลด แจก แถม)","เฮลบูบอย, ลองบีช, ลิน, มิตรผล",ทดลองชิม,ไม่มีความคิดเห็น,ไม่ปรับปรุง,ไม่ปรับปรุง,ไม่ปรับปรุง,ไม่ปรับปรุง,เพิ่มขึ้น,เพิ่มขึ้น,เพิ่มขึ้น,ไม่ปรับปรุง,ไม่ปรับปรุง,ไม่ปรับปรุง,ไม่ปรับปรุง,ไม่ปรับปรุง,เพิ่มขึ้น,เพิ่มขึ้น,ลินน่าจะออกสินค้ามาตั้งนานแล้วเพราะชอบใช้ของลินสีความเข้มรสชาติได้,1 สีลม บางรัก สาทร,,,,,,,,,,,,,,,,,,,,,
5/6/2024 13:52:31,ไม่มีแบรนด์,25-30,15,ซื้อเป็นขวด,60,ไม่ซื้อ Online เลย,ร้านขายอุปกรณ์เบเกอรี่,"เดินทางสะดวกร้านใกล้บ้าน, ราคาถูก, มีสินค้าให้เลือก, คุ้นเคยกับร้านค้า",ติ่งฟง,PC (พนักงานขาย),T : Transgender – ผู้หญิงหรือผู้ชายที่ข้ามเพศ,ไม่ปรับปรุง,ไม่ปรับปรุง,ลดลง,ไม่ปรับปรุง,ไม่ปรับปรุง,ไม่ปรับปรุง,ไม่ปรับปรุง,เพิ่มขึ้น,ไม่ปรับปรุง,เพิ่มขึ้น,ไม่ปรับปรุง,ไม่ปรับปรุง,ไม่ปรับปรุง,ไม่ปรับปรุง,ไม่มีอะไรเพิ่มเติม,1 สีลม บางรัก สาทร,,,,,,,,,,,,,,,,,,,,,
5/6/2024 13:58:09,ไม่มีแบรนด์,20-25,10,ซื้อเป็นขวด,60,"ไม่ซื้อ Online เลย, ร้านขายส่ง",ร้านขายอุปกรณ์เบเกอรี่,"เดินทางสะดวกร้านใกล้บ้าน, ไม่ต้องเดินทาง (Online), ราคาถูก, มีสินค้าให้เลือก, คุ้นเคยกับร้านค้า","เฟรชชี่, ติ่งฟง, เฮลบูบอย",บรรจุภัณฑ์สวย,T : Transgender – ผู้หญิงหรือผู้ชายที่ข้ามเพศ,ไม่ปรับปรุง,ไม่ปรับปรุง,ลดลง,ไม่ปรับปรุง,ไม่ปรับปรุง,ไม่ปรับปรุง,ไม่ปรับปรุง,ไม่ปรับปรุง,ไม่ปรับปรุง,ไม่ปรับปรุง,ไม่ปรับปรุง,ไม่ปรับปรุง,ไม่ปรับปรุง,ไม่ปรับปรุง,,1 สีลม บางรัก สาทร,,,,,,,,,,,,,,,,,,,,,
5/6/2024 14:20:39,มีแบรนด์,40,20,ซื้อยกลัง,150,"ไม่ซื้อ Online เลย, ทางร้าน",ทางแบรนด์,"โปรโมทชั่น (ลด แจก แถม), คุ้นเคยกับร้านค้า",ติ่งฟง,ทดลองชิม,ไม่มีความคิดเห็น,ไม่ปรับปรุง,ไม่ปรับปรุง,ไม่ปรับปรุง,ไม่ปรับปรุง,ไม่ปรับปรุง,ไม่ปรับปรุง,ไม่ปรับปรุง,ไม่ปรับปรุง,ไม่ปรับปรุง,ไม่ปรับปรุง,ไม่ปรับปรุง,ไม่ปรับปรุง,ไม่ปรับปรุง,ไม่ปรับปรุง,,1 สีลม บางรัก สาทร,,,,,,,,,,,,,,,,,,,,,
5/6/2024 14:29:13,มีแบรนด์,25,20,ซื้อเป็นขวด,80,ไม่ซื้อ Online เลย,ร้านขายอุปกรณ์เบเกอรี่,"เดินทางสะดวกร้านใกล้บ้าน, ราคาถูก, มีสินค้าให้เลือก","ติ่งฟง, ลองบีช","PC (พนักงานขาย), บรรจุภัณฑ์สวย, ทดลองชิม, อินฟลูเอนเซอร์",T : Transgender – ผู้หญิงหรือผู้ชายที่ข้ามเพศ,ไม่ปรับปรุง,ไม่ปรับปรุง,ลดลง,ไม่ปรับปรุง,ไม่ปรับปรุง,เพิ่มขึ้น,เพิ่มขึ้น,เพิ่มขึ้น,ไม่ปรับปรุง,ไม่ปรับปรุง,ไม่ปรับปรุง,ไม่ปรับปรุง,ไม่ปรับปรุง,เพิ่มขึ้น,,1 สีลม บางรัก สาทร,,,,,,,,,,,,,,,,,,,,,
5/6/2024 15:14:40,ไม่มีแบรนด์,30,10,ซื้อเป็นขวด,50,Makro online,Makro,"ไม่ต้องเดินทาง (Online), ราคาถูก","ติ่งฟง, เฮลบูบอย, ลองบีช","ทดลองชิม, ป้ายโฆษณา, โฆษณาทาง TV, โฆษณาทาง social media  Facebook, TikTok, IG",ไม่มีความคิดเห็น,ไม่ปรับปรุง,ไม่ปรับปรุง,ลดลง,เพิ่มขึ้น,ไม่ปรับปรุง,ไม่ปรับปรุง,เพิ่มขึ้น,ไม่ปรับปรุง,ไม่ปรับปรุง,ไม่ปรับปรุง,ไม่ปรับปรุง,ไม่ปรับปรุง,ไม่ปรับปรุง,เพิ่มขึ้น,,1 สีลม บางรัก สาทร,,,,,,,,,,,,,,,,,,,,,
5/6/2024 15:28:05,มีแบรนด์,23,10,ซื้อยกลัง,60,Makro online,Makro,"ราคาถูก, เปรียบเทียบราคา, โปรโมทชั่น (ลด แจก แถม), ไปเลือกซื้อสินค้าอื่น ๆ เพิ่มเติม","ติ่งฟง, เฮลบูบอย","ทดลองชิม, โฆษณาทาง social media  Facebook, TikTok, IG",T : Transgender – ผู้หญิงหรือผู้ชายที่ข้ามเพศ,ไม่ปรับปรุง,เพิ่มขึ้น,ไม่ปรับปรุง,ไม่ปรับปรุง,ไม่ปรับปรุง,ไม่ปรับปรุง,ไม่ปรับปรุง,ไม่ปรับปรุง,ไม่ปรับปรุง,ไม่ปรับปรุง,ไม่ปรับปรุง,ไม่ปรับปรุง,ไม่ปรับปรุง,ไม่ปรับปรุง,อยากให้กลิ่นเพิ่มขึ้นเพราะเวลาชงกลิ่นจะได้ชัดเจน,1 สีลม บางรัก สาทร,,,,,,,,,,,,,,,,,,,,,
5/6/2024 15:42:29,ไม่มีแบรนด์,25,10,ซื้อเป็นขวด,50,Makro online,Makro,"ไม่ต้องเดินทาง (Online), ราคาถูก, โปรโมทชั่น (ลด แจก แถม)",ติ่งฟง,ทดลองชิม,ไม่มีความคิดเห็น,ไม่ปรับปรุง,ไม่ปรับปรุง,ลดลง,เพิ่มขึ้น,ไม่ปรับปรุง,ไม่ปรับปรุง,ไม่ปรับปรุง,ไม่ปรับปรุง,ไม่ปรับปรุง,ไม่ปรับปรุง,ไม่ปรับปรุง,เพิ่มขึ้น,ไม่ปรับปรุง,ไม่ปรับปรุง,,1 สีลม บางรัก สาทร,,,,,,,,,,,,,,,,,,,,,
5/6/2024 15:56:48,มีแบรนด์,25,10,ซื้อเป็นขวด,70,Makro online,Makro,"ไม่ต้องเดินทาง (Online), ราคาถูก, มีสินค้าให้เลือก, โปรโมทชั่น (ลด แจก แถม)",ติ่งฟง,"PC (พนักงานขาย), บรรจุภัณฑ์สวย, ทดลองชิม",ไม่มีความคิดเห็น,ไม่ปรับปรุง,ไม่ปรับปรุง,ลดลง,ไม่ปรับปรุง,ไม่ปรับปรุง,เพิ่มขึ้น,ไม่ปรับปรุง,ไม่ปรับปรุง,ไม่ปรับปรุง,ไม่ปรับปรุง,ไม่ปรับปรุง,ไม่ปรับปรุง,ไม่ปรับปรุง,ไม่ปรับปรุง,,1 สีลม บางรัก สาทร,,,,,,,,,,,,,,,,,,,,,
5/6/2024 16:06:59,ไม่มีแบรนด์,30,10,ซื้อเป็นขวด,60,ไม่ซื้อ Online เลย,Makro,"เดินทางสะดวกร้านใกล้บ้าน, มีสินค้าให้เลือก, ไปเลือกซื้อสินค้าอื่น ๆ เพิ่มเติม",ติ่งฟง,ไม่สนใจ,ไม่มีความคิดเห็น,ไม่ปรับปรุง,ไม่ปรับปรุง,ไม่ปรับปรุง,ไม่ปรับปรุง,ไม่ปรับปรุง,ไม่ปรับปรุง,ไม่ปรับปรุง,ไม่ปรับปรุง,ไม่ปรับปรุง,ไม่ปรับปรุง,ไม่ปรับปรุง,ไม่ปรับปรุง,ไม่ปรับปรุง,ไม่ปรับปรุง,,1 สีลม บางรัก สาทร,,,,,,,,,,,,,,,,,,,,,
5/6/2024 16:23:36,ไม่มีแบรนด์,30-45,5,ซื้อเป็นขวด,65,ไม่ซื้อ Online เลย,ร้านขายอุปกรณ์เบเกอรี่,"ราคาถูก, มีสินค้าให้เลือก, ไปเลือกซื้อสินค้าอื่น ๆ เพิ่มเติม","ติ่งฟง, เฮลบูบอย","ทดลองชิม, ลูกค้า (ปากต่อปาก)",T : Transgender – ผู้หญิงหรือผู้ชายที่ข้ามเพศ,ไม่ปรับปรุง,ไม่ปรับปรุง,ลดลง,ไม่ปรับปรุง,เพิ่มขึ้น,ไม่ปรับปรุง,ไม่ปรับปรุง,ไม่ปรับปรุง,ไม่ปรับปรุง,ไม่ปรับปรุง,ไม่ปรับปรุง,ไม่ปรับปรุง,ไม่ปรับปรุง,ไม่ปรับปรุง,,1 สีลม บางรัก สาทร,,,,,,,,,,,,,,,,,,,,,
5/6/2024 16:34:56,ไม่มีแบรนด์,45,10,ซื้อเป็นขวด,60,"ไม่ซื้อ Online เลย, ติ๊กต๊อก","Makro, ร้านขายอุปกรณ์เบเกอรี่","เดินทางสะดวกร้านใกล้บ้าน, ราคาถูก, โปรโมทชั่น (ลด แจก แถม)","ติ่งฟง, เฮลบูบอย, ลองบีช","พรีเซนเตอร์, ทดลองชิม, โฆษณาทาง social media  Facebook, TikTok, IG",T : Transgender – ผู้หญิงหรือผู้ชายที่ข้ามเพศ,ไม่ปรับปรุง,ไม่ปรับปรุง,ลดลง,ไม่ปรับปรุง,ไม่ปรับปรุง,ไม่ปรับปรุง,ไม่ปรับปรุง,เพิ่มขึ้น,ลดลง,ลดลง,ลดลง,ลดลง,ไม่ปรับปรุง,ไม่ปรับปรุง,ต้องการให้ทำสื่อโฆษณาช่วยร้านโฆษณา,1 สีลม บางรัก สาทร,,,,,,,,,,,,,,,,,,,,,
5/6/2024 16:47:41,ไม่มีแบรนด์,19,20,ซื้อเป็นขวด,60,ไม่ซื้อ Online เลย,Makro,"เดินทางสะดวกร้านใกล้บ้าน, ราคาถูก, มีสินค้าให้เลือก, ไปเลือกซื้อสินค้าอื่น ๆ เพิ่มเติม","ติ่งฟง, เฮลบูบอย, ลองบีช","ทดลองชิม, โฆษณาทาง social media  Facebook, TikTok, IG",T : Transgender – ผู้หญิงหรือผู้ชายที่ข้ามเพศ,ไม่ปรับปรุง,ไม่ปรับปรุง,ลดลง,ไม่ปรับปรุง,ไม่ปรับปรุง,ไม่ปรับปรุง,ไม่ปรับปรุง,ไม่ปรับปรุง,ไม่ปรับปรุง,ไม่ปรับปรุง,ไม่ปรับปรุง,ไม่ปรับปรุง,ไม่ปรับปรุง,ไม่ปรับปรุง,,1 สีลม บางรัก สาทร,,,,,,,,,,,,,,,,,,,,,
5/7/2024 11:57:12,ไม่มีแบรนด์,25,10,ซื้อเป็นขวด,60,ไม่ซื้อ Online เลย,"Makro, ร้านขายอุปกรณ์เบเกอรี่","เดินทางสะดวกร้านใกล้บ้าน, ราคาถูก, ไปเลือกซื้อสินค้าอื่น ๆ เพิ่มเติม","ติ่งฟง, เฮลบูบอย, ลองบีช",ทดลองชิม,ไม่มีความคิดเห็น,ไม่ปรับปรุง,ไม่ปรับปรุง,ลดลง,ไม่ปรับปรุง,ไม่ปรับปรุง,ไม่ปรับปรุง,ไม่ปรับปรุง,ไม่ปรับปรุง,ไม่ปรับปรุง,ไม่ปรับปรุง,ไม่ปรับปรุง,ไม่ปรับปรุง,ไม่ปรับปรุง,ไม่ปรับปรุง,,2 รามคำแหง,,,,,,,,,,,,,,,,,,,,,
5/7/2024 12:09:21,มีแบรนด์,85,200,ซื้อเป็นขวด,300-400,Espresso man,ไม่ซื้อออฟไลน์เลย,"ไม่ต้องเดินทาง (Online), มีสินค้าให้เลือก, คุ้นเคยกับร้านค้า, ซื้อก่อน จ่ายทีหลังได้",Monin,คุณภาพ,ไม่มีความคิดเห็น,ไม่ปรับปรุง,ไม่ปรับปรุง,ไม่ปรับปรุง,ไม่ปรับปรุง,ไม่ปรับปรุง,ไม่ปรับปรุง,ไม่ปรับปรุง,ไม่ปรับปรุง,ไม่ปรับปรุง,เพิ่มขึ้น,เพิ่มขึ้น,ไม่ปรับปรุง,ไม่ปรับปรุง,ไม่ปรับปรุง,,2 รามคำแหง,,,,,,,,,,,,,,,,,,,,,
5/7/2024 12:29:30,ไม่มีแบรนด์,25-30,15,ซื้อเป็นขวด,50,ไม่ซื้อ Online เลย,Makro,"เดินทางสะดวกร้านใกล้บ้าน, ไม่ต้องเดินทาง (Online), โปรโมทชั่น (ลด แจก แถม)",ติ่งฟง,ลูกค้า (ปากต่อปาก),ไม่มีความคิดเห็น,ไม่ปรับปรุง,ไม่ปรับปรุง,ลดลง,ไม่ปรับปรุง,ไม่ปรับปรุง,ไม่ปรับปรุง,ไม่ปรับปรุง,ไม่ปรับปรุง,ไม่ปรับปรุง,เพิ่มขึ้น,ไม่ปรับปรุง,ไม่ปรับปรุง,ไม่ปรับปรุง,ไม่ปรับปรุง,อยากให้ราคาถูกกว่านี้,2 รามคำแหง,,,,,,,,,,,,,,,,,,,,,
5/7/2024 13:02:27,ไม่มีแบรนด์,25,5,ซื้อเป็นขวด,65,ไม่ซื้อ Online เลย,ร้านขายอุปกรณ์เบเกอรี่,"เดินทางสะดวกร้านใกล้บ้าน, ไม่ต้องเดินทาง (Online), ราคาถูก","ติ่งฟง, เฮลบูบอย, ลองบีช","ทดลองชิม, ลูกค้า (ปากต่อปาก)",ไม่มีความคิดเห็น,ไม่ปรับปรุง,ไม่ปรับปรุง,ลดลง,ไม่ปรับปรุง,ไม่ปรับปรุง,ไม่ปรับปรุง,ไม่ปรับปรุง,ไม่ปรับปรุง,ไม่ปรับปรุง,ไม่ปรับปรุง,ไม่ปรับปรุง,ไม่ปรับปรุง,ไม่ปรับปรุง,ไม่ปรับปรุง,,2 รามคำแหง,,,,,,,,,,,,,,,,,,,,,
5/7/2024 13:12:02,ไม่มีแบรนด์,40,10,ซื้อเป็นขวด,65,ไม่ซื้อ Online เลย,"ไม่ซื้อออฟไลน์เลย, ทำเอง","ไปเลือกซื้อสินค้าอื่น ๆ เพิ่มเติม, คุ้นเคยกับร้านค้า",ทำเอง,"ลูกค้า (ปากต่อปาก), ",ไม่มีความคิดเห็น,ไม่ปรับปรุง,ไม่ปรับปรุง,ไม่ปรับปรุง,ไม่ปรับปรุง,ไม่ปรับปรุง,ไม่ปรับปรุง,ไม่ปรับปรุง,ไม่ปรับปรุง,ไม่ปรับปรุง,ไม่ปรับปรุง,ไม่ปรับปรุง,ไม่ปรับปรุง,ไม่ปรับปรุง,ไม่ปรับปรุง,,2 รามคำแหง,,,,,,,,,,,,,,,,,,,,,
5/7/2024 13:31:46,ไม่มีแบรนด์,25,10,ซื้อเป็นขวด,"55, 60",ไม่ซื้อ Online เลย,"Makro, ร้านขายอุปกรณ์เบเกอรี่","ไม่ต้องเดินทาง (Online), ราคาถูก, เปรียบเทียบราคา","ติ่งฟง, เฮลบูบอย","ทดลองชิม, ลูกค้า (ปากต่อปาก)",T : Transgender – ผู้หญิงหรือผู้ชายที่ข้ามเพศ,ไม่ปรับปรุง,เพิ่มขึ้น,ไม่ปรับปรุง,ไม่ปรับปรุง,ไม่ปรับปรุง,ไม่ปรับปรุง,ไม่ปรับปรุง,ไม่ปรับปรุง,ไม่ปรับปรุง,ไม่ปรับปรุง,ไม่ปรับปรุง,ไม่ปรับปรุง,ไม่ปรับปรุง,ไม่ปรับปรุง,มีเนื้อผลไม้ น้ำเชื่อมไม่เยอะ มีฮาลาล,2 รามคำแหง,,,,,,,,,,,,,,,,,,,,,
5/7/2024 13:45:41,ไม่มีแบรนด์,25,10,ซื้อเป็นขวด,"80, 85","Makro online, ร้านค้าทั่วไป","Makro, ร้านขายของชำ, ร้านขายอุปกรณ์เบเกอรี่","เดินทางสะดวกร้านใกล้บ้าน, มีสินค้าให้เลือก, เปรียบเทียบราคา, ไปเลือกซื้อสินค้าอื่น ๆ เพิ่มเติม","ติ่งฟง, เฮลบูบอย","ป้ายโฆษณา, โฆษณาทาง social media  Facebook, TikTok, IG, ลูกค้า (ปากต่อปาก)",T : Transgender – ผู้หญิงหรือผู้ชายที่ข้ามเพศ,ไม่ปรับปรุง,ไม่ปรับปรุง,ไม่ปรับปรุง,เพิ่มขึ้น,ไม่ปรับปรุง,ไม่ปรับปรุง,ไม่ปรับปรุง,ไม่ปรับปรุง,ไม่ปรับปรุง,ไม่ปรับปรุง,ไม่ปรับปรุง,ไม่ปรับปรุง,ไม่ปรับปรุง,เพิ่มขึ้น,,2 รามคำแหง,,,,,,,,,,,,,,,,,,,,,
5/7/2024 13:53:14,ไม่มีแบรนด์,25,5,ซื้อเป็นขวด,70,ไม่ซื้อ Online เลย,ร้านขายอุปกรณ์เบเกอรี่,"ไม่ต้องเดินทาง (Online), ราคาถูก, มีสินค้าให้เลือก",ติ่งฟง,"PC (พนักงานขาย), ทดลองชิม",T : Transgender – ผู้หญิงหรือผู้ชายที่ข้ามเพศ,ไม่ปรับปรุง,ไม่ปรับปรุง,ลดลง,ไม่ปรับปรุง,ไม่ปรับปรุง,ไม่ปรับปรุง,ไม่ปรับปรุง,ไม่ปรับปรุง,ไม่ปรับปรุง,ไม่ปรับปรุง,ไม่ปรับปรุง,ไม่ปรับปรุง,ไม่ปรับปรุง,ไม่ปรับปรุง,,2 รามคำแหง,,,,,,,,,,,,,,,,,,,,,
5/7/2024 13:58:40,ไม่มีแบรนด์,30,15,ซื้อเป็นขวด,60,ไม่ซื้อ Online เลย,"Makro, ร้านขายของชำ, ร้านขายอุปกรณ์เบเกอรี่","ไม่ต้องเดินทาง (Online), ราคาถูก, มีสินค้าให้เลือก","เฟรชชี่, ติ่งฟง, เฮลบูบอย, ลองบีช",ทดลองชิม,T : Transgender – ผู้หญิงหรือผู้ชายที่ข้ามเพศ,ไม่ปรับปรุง,ไม่ปรับปรุง,ลดลง,ไม่ปรับปรุง,ไม่ปรับปรุง,ลดลง,ไม่ปรับปรุง,ไม่ปรับปรุง,ไม่ปรับปรุง,ไม่ปรับปรุง,ลดลง,ไม่ปรับปรุง,เพิ่มขึ้น,ไม่ปรับปรุง,,2 รามคำแหง,,,,,,,,,,,,,,,,,,,,,
5/7/2024 14:10:56,ไม่มีแบรนด์,25,5,ซื้อเป็นขวด,60,ไม่ซื้อ Online เลย,Makro,เดินทางสะดวกร้านใกล้บ้าน,ติ่งฟง,ทดลองชิม,ไม่มีความคิดเห็น,ไม่ปรับปรุง,ไม่ปรับปรุง,ลดลง,ไม่ปรับปรุง,ไม่ปรับปรุง,ไม่ปรับปรุง,ไม่ปรับปรุง,ไม่ปรับปรุง,ไม่ปรับปรุง,ไม่ปรับปรุง,ไม่ปรับปรุง,ไม่ปรับปรุง,ไม่ปรับปรุง,ไม่ปรับปรุง,,2 รามคำแหง,,,,,,,,,,,,,,,,,,,,,
5/7/2024 14:16:27,ไม่มีแบรนด์,25,15,ซื้อเป็นขวด,50,ไม่ซื้อ Online เลย,ร้านขายอุปกรณ์เบเกอรี่,"ราคาถูก, มีสินค้าให้เลือก, เปรียบเทียบราคา, ไปเลือกซื้อสินค้าอื่น ๆ เพิ่มเติม","ติ่งฟง, เฮลบูบอย",ทดลองชิม,ไม่มีความคิดเห็น,ไม่ปรับปรุง,เพิ่มขึ้น,ลดลง,ไม่ปรับปรุง,ไม่ปรับปรุง,ไม่ปรับปรุง,ไม่ปรับปรุง,ไม่ปรับปรุง,ไม่ปรับปรุง,ไม่ปรับปรุง,ไม่ปรับปรุง,ไม่ปรับปรุง,ไม่ปรับปรุง,ไม่ปรับปรุง,อยากให้มีเนื้อผลไม้เยอะๆ,2 รามคำแหง,,,,,,,,,,,,,,,,,,,,,
5/7/2024 14:23:21,ไม่มีแบรนด์,20,20,ซื้อเป็นขวด,50,เจ้าของร้านซื้อมาให้พนักงาน,เจ้าของร้านซื้อมาให้พนักงาน,"ไปเลือกซื้อสินค้าอื่น ๆ เพิ่มเติม, ","ติ่งฟง, เฮลบูบอย, ลองบีช",เป็นที่นิยม,T : Transgender – ผู้หญิงหรือผู้ชายที่ข้ามเพศ,ไม่ปรับปรุง,ไม่ปรับปรุง,ลดลง,ไม่ปรับปรุง,เพิ่มขึ้น,ไม่ปรับปรุง,ไม่ปรับปรุง,ไม่ปรับปรุง,ไม่ปรับปรุง,ไม่ปรับปรุง,ไม่ปรับปรุง,ไม่ปรับปรุง,เพิ่มขึ้น,เพิ่มขึ้น,อยากให้มีรสชาติผลไม้มากกว่านี้,2 รามคำแหง,,,,,,,,,,,,,,,,,,,,,
5/7/2024 14:30:56,ไม่มีแบรนด์,20,20,ซื้อเป็นขวด,70,ไม่ซื้อ Online เลย,ร้านขายอุปกรณ์เบเกอรี่,"ไม่ต้องเดินทาง (Online), ไปเลือกซื้อสินค้าอื่น ๆ เพิ่มเติม",ติ่งฟง,"ทดลองชิม, ลูกค้า (ปากต่อปาก)",T : Transgender – ผู้หญิงหรือผู้ชายที่ข้ามเพศ,ไม่ปรับปรุง,ไม่ปรับปรุง,ลดลง,ไม่ปรับปรุง,ไม่ปรับปรุง,เพิ่มขึ้น,ไม่ปรับปรุง,ไม่ปรับปรุง,ไม่ปรับปรุง,ไม่ปรับปรุง,ไม่ปรับปรุง,ไม่ปรับปรุง,ไม่ปรับปรุง,เพิ่มขึ้น,,2 รามคำแหง,,,,,,,,,,,,,,,,,,,,,
5/7/2024 14:37:56,ไม่มีแบรนด์,25,5,ซื้อเป็นขวด,60,ไม่ซื้อ Online เลย,ร้านขายอุปกรณ์เบเกอรี่,"ไม่ต้องเดินทาง (Online), ไปเลือกซื้อสินค้าอื่น ๆ เพิ่มเติม","ติ่งฟง, เฮลบูบอย","ลูกค้า (ปากต่อปาก), ใช้มานานแล้ว",T : Transgender – ผู้หญิงหรือผู้ชายที่ข้ามเพศ,ไม่ปรับปรุง,ไม่ปรับปรุง,ลดลง,ไม่ปรับปรุง,ไม่ปรับปรุง,ไม่ปรับปรุง,ไม่ปรับปรุง,ไม่ปรับปรุง,ไม่ปรับปรุง,ไม่ปรับปรุง,ไม่ปรับปรุง,ไม่ปรับปรุง,ไม่ปรับปรุง,ไม่ปรับปรุง,,2 รามคำแหง,,,,,,,,,,,,,,,,,,,,,
5/7/2024 14:43:27,ไม่มีแบรนด์,5,30,ซื้อเป็นขวด,60,ไม่ซื้อ Online เลย,ร้านขายอุปกรณ์เบเกอรี่,"ไม่ต้องเดินทาง (Online), ราคาถูก, มีสินค้าให้เลือก","ติ่งฟง, เฮลบูบอย",ลูกค้า (ปากต่อปาก),ไม่มีความคิดเห็น,ไม่ปรับปรุง,ไม่ปรับปรุง,ลดลง,ไม่ปรับปรุง,ไม่ปรับปรุง,เพิ่มขึ้น,ไม่ปรับปรุง,ไม่ปรับปรุง,ไม่ปรับปรุง,ไม่ปรับปรุง,ไม่ปรับปรุง,ไม่ปรับปรุง,ไม่ปรับปรุง,ไม่ปรับปรุง,,2 รามคำแหง,,,,,,,,,,,,,,,,,,,,,
5/7/2024 14:48:50,ไม่มีแบรนด์,25,5,ซื้อเป็นขวด,60,ไม่ซื้อ Online เลย,ร้านขายอุปกรณ์เบเกอรี่,มาส่งถึงที่,"ติ่งฟง, เฮลบูบอย, ลองบีช",เป็นสินค้า standard ที่ร้านทั่วไปก็ใช้กันอยู่แล้ว,ไม่มีความคิดเห็น,ไม่ปรับปรุง,ไม่ปรับปรุง,ลดลง,ไม่ปรับปรุง,เพิ่มขึ้น,ไม่ปรับปรุง,ไม่ปรับปรุง,ไม่ปรับปรุง,ไม่ปรับปรุง,ไม่ปรับปรุง,ไม่ปรับปรุง,ไม่ปรับปรุง,เพิ่มขึ้น,ไม่ปรับปรุง,,2 รามคำแหง,,,,,,,,,,,,,,,,,,,,,
5/7/2024 15:12:31,ไม่มีแบรนด์,25,15,ซื้อเป็นขวด,60,ไม่ซื้อ Online เลย,ร้านขายอุปกรณ์เบเกอรี่,"ไม่ต้องเดินทาง (Online), ราคาถูก","เฟรชชี่, ติ่งฟง",ทดลองชิม,T : Transgender – ผู้หญิงหรือผู้ชายที่ข้ามเพศ,เพิ่มขึ้น,เพิ่มขึ้น,ลดลง,ไม่ปรับปรุง,ไม่ปรับปรุง,เพิ่มขึ้น,ไม่ปรับปรุง,ไม่ปรับปรุง,ไม่ปรับปรุง,ไม่ปรับปรุง,ไม่ปรับปรุง,ไม่ปรับปรุง,ไม่ปรับปรุง,ไม่ปรับปรุง,อยากให้เพิ่มเนื้อผลไม้,2 รามคำแหง,,,,,,,,,,,,,,,,,,,,,
5/7/2024 15:50:04,ไม่มีแบรนด์,30,5,ซื้อเป็นขวด,60,ไม่ซื้อ Online เลย,Makro,"เดินทางสะดวกร้านใกล้บ้าน, ราคาถูก, ไปเลือกซื้อสินค้าอื่น ๆ เพิ่มเติม",เฟรชชี่,ลูกค้า (ปากต่อปาก),ไม่มีความคิดเห็น,ไม่ปรับปรุง,ไม่ปรับปรุง,ลดลง,ไม่ปรับปรุง,ไม่ปรับปรุง,ไม่ปรับปรุง,ไม่ปรับปรุง,ไม่ปรับปรุง,ไม่ปรับปรุง,ไม่ปรับปรุง,ไม่ปรับปรุง,ไม่ปรับปรุง,ไม่ปรับปรุง,ไม่ปรับปรุง,,2 รามคำแหง,,,,,,,,,,,,,,,,,,,,,
5/7/2024 15:56:51,มีแบรนด์,50,15,ซื้อเป็นขวด,60,ไม่ซื้อ Online เลย,Makro,"เดินทางสะดวกร้านใกล้บ้าน, ไปเลือกซื้อสินค้าอื่น ๆ เพิ่มเติม","ติ่งฟง, เฮลบูบอย, ลองบีช","ลูกค้า (ปากต่อปาก), ราคาถูก",ไม่มีความคิดเห็น,ไม่ปรับปรุง,ไม่ปรับปรุง,ลดลง,ไม่ปรับปรุง,ไม่ปรับปรุง,ไม่ปรับปรุง,ไม่ปรับปรุง,ไม่ปรับปรุง,ไม่ปรับปรุง,ไม่ปรับปรุง,ไม่ปรับปรุง,ไม่ปรับปรุง,เพิ่มขึ้น,ไม่ปรับปรุง,,2 รามคำแหง,,,,,,,,,,,,,,,,,,,,,
5/7/2024 16:07:28,ไม่มีแบรนด์,20,5,ซื้อเป็นขวด,55,ไม่ซื้อ Online เลย,ร้านขายอุปกรณ์เบเกอรี่,"เดินทางสะดวกร้านใกล้บ้าน, ราคาถูก, มีสินค้าให้เลือก","ติ่งฟง, เฮลบูบอย","ทดลองชิม, ลูกค้า (ปากต่อปาก)",T : Transgender – ผู้หญิงหรือผู้ชายที่ข้ามเพศ,ไม่ปรับปรุง,ไม่ปรับปรุง,ลดลง,ไม่ปรับปรุง,ไม่ปรับปรุง,ไม่ปรับปรุง,ไม่ปรับปรุง,ไม่ปรับปรุง,ไม่ปรับปรุง,ไม่ปรับปรุง,ไม่ปรับปรุง,ไม่ปรับปรุง,ไม่ปรับปรุง,ไม่ปรับปรุง,ช่วยลดต้นทุนเรื่องราคาลงมาอีก,2 รามคำแหง,,,,,,,,,,,,,,,,,,,,,
5/8/2024 9:22:29,ไม่มีแบรนด์,25-30,15,ซื้อเป็นขวด,60,ไม่ซื้อ Online เลย,ร้านขายอุปกรณ์เบเกอรี่,"เดินทางสะดวกร้านใกล้บ้าน, ราคาถูก","ติ่งฟง, เฮลบูบอย, ลองบีช, Nature taste","ทดลองชิม, ลูกค้า (ปากต่อปาก)",L : Lesbian – ผู้หญิงที่รักผู้หญิงด้วยกัน,ไม่ปรับปรุง,ไม่ปรับปรุง,ลดลง,ไม่ปรับปรุง,ไม่ปรับปรุง,ไม่ปรับปรุง,ไม่ปรับปรุง,ไม่ปรับปรุง,ไม่ปรับปรุง,ไม่ปรับปรุง,ไม่ปรับปรุง,ไม่ปรับปรุง,ไม่ปรับปรุง,ไม่ปรับปรุง,,3 รังสิต ลำลูกกา,,,,,,,,,,,,,,,,,,,,,
5/8/2024 9:41:09,ไม่มีแบรนด์,25,10,ซื้อเป็นขวด,55,ไม่ซื้อ Online เลย,ร้านขายอุปกรณ์เบเกอรี่,"ไม่ต้องเดินทาง (Online), มีสินค้าให้เลือก, ไปเลือกซื้อสินค้าอื่น ๆ เพิ่มเติม","ติ่งฟง, เฮลบูบอย","ทดลองชิม, ลูกค้า (ปากต่อปาก)",ไม่มีความคิดเห็น,ไม่ปรับปรุง,ไม่ปรับปรุง,ไม่ปรับปรุง,ไม่ปรับปรุง,ไม่ปรับปรุง,ไม่ปรับปรุง,ไม่ปรับปรุง,ไม่ปรับปรุง,ไม่ปรับปรุง,ไม่ปรับปรุง,ไม่ปรับปรุง,ไม่ปรับปรุง,ไม่ปรับปรุง,ไม่ปรับปรุง,,3 รังสิต ลำลูกกา,,,,,,,,,,,,,,,,,,,,,
5/8/2024 9:54:44,ไม่มีแบรนด์,30,15,ซื้อเป็นขวด,60,"ไม่ซื้อ Online เลย","7-11, ร้านขายอุปกรณ์เบเกอรี่","เดินทางสะดวกร้านใกล้บ้าน, ราคาถูก, ไปเลือกซื้อสินค้าอื่น ๆ เพิ่มเติม, คุ้นเคยกับร้านค้า, ซื้อก่อน จ่ายทีหลังได้","เฟรชชี่, ติ่งฟง, เฮลบูบอย, ลองบีช","PC (พนักงานขาย), บรรจุภัณฑ์สวย, ทดลองชิม, ลูกค้า (ปากต่อปาก)",L : Lesbian – ผู้หญิงที่รักผู้หญิงด้วยกัน,ไม่ปรับปรุง,ไม่ปรับปรุง,ลดลง,ไม่ปรับปรุง,ไม่ปรับปรุง,ไม่ปรับปรุง,ไม่ปรับปรุง,ไม่ปรับปรุง,ไม่ปรับปรุง,ไม่ปรับปรุง,ไม่ปรับปรุง,ไม่ปรับปรุง,เพิ่มขึ้น,ไม่ปรับปรุง,เน้นราคาถูก,3 รังสิต ลำลูกกา,,,,,,,,,,,,,,,,,,,,,
5/8/2024 10:29:16,ไม่มีแบรนด์,30,7,ซื้อเป็นขวด,50,ไม่ซื้อ Online เลย,"ร้านขายของชำ, ร้านขายอุปกรณ์เบเกอรี่","เดินทางสะดวกร้านใกล้บ้าน, ราคาถูก, มีสินค้าให้เลือก","เฟรชชี่, ติ่งฟง, เฮลบูบอย","ทดลองชิม, ลูกค้า (ปากต่อปาก)",ไม่มีความคิดเห็น,ไม่ปรับปรุง,ไม่ปรับปรุง,ลดลง,ไม่ปรับปรุง,ไม่ปรับปรุง,เพิ่มขึ้น,ไม่ปรับปรุง,ไม่ปรับปรุง,ไม่ปรับปรุง,ไม่ปรับปรุง,ไม่ปรับปรุง,ไม่ปรับปรุง,ไม่ปรับปรุง,ไม่ปรับปรุง,,3 รังสิต ลำลูกกา,,,,,,,,,,,,,,,,,,,,,
5/8/2024 10:41:29,ไม่มีแบรนด์,30,7,ซื้อเป็นขวด,70,ไม่ซื้อ Online เลย,ร้านขายอุปกรณ์เบเกอรี่,"เดินทางสะดวกร้านใกล้บ้าน, ไม่ต้องเดินทาง (Online), เปรียบเทียบราคา, ไปเลือกซื้อสินค้าอื่น ๆ เพิ่มเติม","ติ่งฟง, เฮลบูบอย","บรรจุภัณฑ์สวย, ทดลองชิม, ลูกค้า (ปากต่อปาก)",ไม่มีความคิดเห็น,ไม่ปรับปรุง,ไม่ปรับปรุง,ลดลง,ไม่ปรับปรุง,ไม่ปรับปรุง,ไม่ปรับปรุง,ไม่ปรับปรุง,ไม่ปรับปรุง,ไม่ปรับปรุง,ไม่ปรับปรุง,ไม่ปรับปรุง,ไม่ปรับปรุง,ไม่ปรับปรุง,ไม่ปรับปรุง,,3 รังสิต ลำลูกกา,,,,,,,,,,,,,,,,,,,,,
5/8/2024 11:41:00,มีแบรนด์,45,15,ซื้อเป็นขวด,90,ไม่ซื้อ Online เลย,ร้านขายอุปกรณ์เบเกอรี่,"เดินทางสะดวกร้านใกล้บ้าน, ราคาถูก","เฟรชชี่, ติ่งฟง, เฮลบูบอย, ลองบีช","PC (พนักงานขาย), ทดลองชิม",G : Gay  ผู้ชายที่รักผู้ชายด้วยกัน,ไม่ปรับปรุง,ไม่ปรับปรุง,ไม่ปรับปรุง,ไม่ปรับปรุง,ไม่ปรับปรุง,ไม่ปรับปรุง,ไม่ปรับปรุง,ไม่ปรับปรุง,ไม่ปรับปรุง,ไม่ปรับปรุง,ไม่ปรับปรุง,ไม่ปรับปรุง,ไม่ปรับปรุง,ไม่ปรับปรุง,,3 รังสิต ลำลูกกา,,,,,,,,,,,,,,,,,,,,,
5/8/2024 12:06:46,ไม่มีแบรนด์,30,10,ซื้อเป็นขวด,60,ไม่ซื้อ Online เลย,ร้านขายอุปกรณ์เบเกอรี่,"ไม่ต้องเดินทาง (Online), เปรียบเทียบราคา","เฟรชชี่, ติ่งฟง, เฮลบูบอย","PC (พนักงานขาย), ทดลองชิม",T : Transgender – ผู้หญิงหรือผู้ชายที่ข้ามเพศ,ไม่ปรับปรุง,ไม่ปรับปรุง,ลดลง,ไม่ปรับปรุง,ไม่ปรับปรุง,เพิ่มขึ้น,ไม่ปรับปรุง,ไม่ปรับปรุง,ไม่ปรับปรุง,ไม่ปรับปรุง,ไม่ปรับปรุง,ไม่ปรับปรุง,ไม่ปรับปรุง,ไม่ปรับปรุง,,3 รังสิต ลำลูกกา,,,,,,,,,,,,,,,,,,,,,
5/8/2024 12:49:56,ไม่มีแบรนด์,70,10,ซื้อเป็นขวด,70,ไม่ซื้อ Online เลย,Makro,"เดินทางสะดวกร้านใกล้บ้าน, มีสินค้าให้เลือก, เปรียบเทียบราคา, โปรโมทชั่น (ลด แจก แถม)","ติ่งฟง, เฮลบูบอย, ลองบีช","ทดลองชิม, ลูกค้า (ปากต่อปาก)",ไม่มีความคิดเห็น,ไม่ปรับปรุง,ไม่ปรับปรุง,ไม่ปรับปรุง,ไม่ปรับปรุง,ไม่ปรับปรุง,ไม่ปรับปรุง,ไม่ปรับปรุง,ไม่ปรับปรุง,ไม่ปรับปรุง,ไม่ปรับปรุง,ไม่ปรับปรุง,ไม่ปรับปรุง,เพิ่มขึ้น,ไม่ปรับปรุง,,3 รังสิต ลำลูกกา,,,,,,,,,,,,,,,,,,,,,
5/8/2024 13:03:11,ไม่มีแบรนด์,30,15,ซื้อเป็นขวด,50,ไม่ซื้อ Online เลย,ร้านขายอุปกรณ์เบเกอรี่,"เดินทางสะดวกร้านใกล้บ้าน, ราคาถูก, มีสินค้าให้เลือก, ไปเลือกซื้อสินค้าอื่น ๆ เพิ่มเติม","ติ่งฟง, เฮลบูบอย","ทดลองชิม, ลูกค้า (ปากต่อปาก)",T : Transgender – ผู้หญิงหรือผู้ชายที่ข้ามเพศ,ไม่ปรับปรุง,ไม่ปรับปรุง,ลดลง,ไม่ปรับปรุง,เพิ่มขึ้น,ไม่ปรับปรุง,ไม่ปรับปรุง,ไม่ปรับปรุง,ไม่ปรับปรุง,ไม่ปรับปรุง,ไม่ปรับปรุง,ไม่ปรับปรุง,ไม่ปรับปรุง,ไม่ปรับปรุง,,3 รังสิต ลำลูกกา,,,,,,,,,,,,,,,,,,,,,
5/8/2024 13:12:39,ไม่มีแบรนด์,30,5,ซื้อเป็นขวด,50,ไม่ซื้อ Online เลย,ร้านขายอุปกรณ์เบเกอรี่,"เดินทางสะดวกร้านใกล้บ้าน, ราคาถูก, มีสินค้าให้เลือก","ติ่งฟง, เฮลบูบอย, ลองบีช","ทดลองชิม, โฆษณาทาง social media  Facebook, TikTok, IG",T : Transgender – ผู้หญิงหรือผู้ชายที่ข้ามเพศ,ไม่ปรับปรุง,ไม่ปรับปรุง,ลดลง,ไม่ปรับปรุง,ไม่ปรับปรุง,ไม่ปรับปรุง,ไม่ปรับปรุง,ไม่ปรับปรุง,ไม่ปรับปรุง,ไม่ปรับปรุง,ไม่ปรับปรุง,ไม่ปรับปรุง,ไม่ปรับปรุง,ไม่ปรับปรุง,ถ้าเป็นรสส้มอยากให้มีความเปรี้ยวเพิ่มขึ้นมากกว่าหวานและเพิ่มเนื้อผลไม้ให้มากขึ้นกว่านี้อีกนิดนึง,3 รังสิต ลำลูกกา,,,,,,,,,,,,,,,,,,,,,
5/8/2024 13:23:45,ไม่มีแบรนด์,20-25,15,ซื้อเป็นขวด,65,ไม่ซื้อ Online เลย,Makro,"เดินทางสะดวกร้านใกล้บ้าน, ราคาถูก, โปรโมทชั่น (ลด แจก แถม), ไปเลือกซื้อสินค้าอื่น ๆ เพิ่มเติม","ติ่งฟง, เฮลบูบอย, ลองบีช, มิตรผล","ทดลองชิม, ลูกค้า (ปากต่อปาก), ราคาถูก",T : Transgender – ผู้หญิงหรือผู้ชายที่ข้ามเพศ,ไม่ปรับปรุง,ไม่ปรับปรุง,ลดลง,ไม่ปรับปรุง,ไม่ปรับปรุง,ไม่ปรับปรุง,ไม่ปรับปรุง,ไม่ปรับปรุง,ไม่ปรับปรุง,ไม่ปรับปรุง,ไม่ปรับปรุง,ไม่ปรับปรุง,ไม่ปรับปรุง,ไม่ปรับปรุง,เน้นราคาให้ถูกก็ว่านี้,3 รังสิต ลำลูกกา,,,,,,,,,,,,,,,,,,,,,
5/8/2024 13:29:37,มีแบรนด์,25บาท,20,ซื้อเป็นขวด,70,ไม่ซื้อ Online เลย,"ร้านขายของชำ, ร้านขายอุปกรณ์เบเกอรี่","เดินทางสะดวกร้านใกล้บ้าน, มีสินค้าให้เลือก, ไปเลือกซื้อสินค้าอื่น ๆ เพิ่มเติม","ติ่งฟง, เฮลบูบอย","บรรจุภัณฑ์สวย, ทดลองชิม",B : Bisexual  คนที่รักได้ทั้งชายและหญิง,ไม่ปรับปรุง,ไม่ปรับปรุง,ลดลง,ไม่ปรับปรุง,ไม่ปรับปรุง,ไม่ปรับปรุง,ไม่ปรับปรุง,ไม่ปรับปรุง,ไม่ปรับปรุง,ไม่ปรับปรุง,ไม่ปรับปรุง,ไม่ปรับปรุง,ไม่ปรับปรุง,เพิ่มขึ้น,,3 รังสิต ลำลูกกา,,,,,,,,,,,,,,,,,,,,,
5/8/2024 13:35:12,มีแบรนด์,ไม่ทราบค่ะ,ไม่ทราบค่ะ,ซื้อยกลัง,"55, 75",ไม่ซื้อ Online เลย,ไม่ซื้อออฟไลน์เลย,มีสินค้าให้เลือก,ติ่งฟง,ลูกค้า (ปากต่อปาก),ไม่มีความคิดเห็น,ไม่ปรับปรุง,เพิ่มขึ้น,ไม่ปรับปรุง,ไม่ปรับปรุง,ไม่ปรับปรุง,เพิ่มขึ้น,ไม่ปรับปรุง,ไม่ปรับปรุง,ไม่ปรับปรุง,ไม่ปรับปรุง,ไม่ปรับปรุง,ไม่ปรับปรุง,ไม่ปรับปรุง,ไม่ปรับปรุง,,3 รังสิต ลำลูกกา,,,,,,,,,,,,,,,,,,,,,
5/8/2024 13:38:46,มีแบรนด์,25,100,ซื้อเป็นขวด,50,ไม่ซื้อ Online เลย,7-11,เดินทางสะดวกร้านใกล้บ้าน,ติ่งฟง,PC (พนักงานขาย),B : Bisexual  คนที่รักได้ทั้งชายและหญิง,ไม่ปรับปรุง,ไม่ปรับปรุง,ลดลง,ไม่ปรับปรุง,ไม่ปรับปรุง,ไม่ปรับปรุง,ไม่ปรับปรุง,ไม่ปรับปรุง,ไม่ปรับปรุง,ไม่ปรับปรุง,ไม่ปรับปรุง,ไม่ปรับปรุง,ไม่ปรับปรุง,ไม่ปรับปรุง,,3 รังสิต ลำลูกกา,,,,,,,,,,,,,,,,,,,,,
5/8/2024 13:46:22,ไม่มีแบรนด์,30,15,ซื้อเป็นขวด,50,ไม่ซื้อ Online เลย,ร้านขายอุปกรณ์เบเกอรี่,"เดินทางสะดวกร้านใกล้บ้าน, ราคาถูก, มีสินค้าให้เลือก","ติ่งฟง, เฮลบูบอย, ลองบีช","ทดลองชิม, ลูกค้า (ปากต่อปาก)",T : Transgender – ผู้หญิงหรือผู้ชายที่ข้ามเพศ,ไม่ปรับปรุง,ไม่ปรับปรุง,ลดลง,ไม่ปรับปรุง,ไม่ปรับปรุง,เพิ่มขึ้น,ไม่ปรับปรุง,ไม่ปรับปรุง,ไม่ปรับปรุง,ไม่ปรับปรุง,ไม่ปรับปรุง,ไม่ปรับปรุง,เพิ่มขึ้น,ไม่ปรับปรุง,อยากได้ลายขวดด้านหน้าเป็นพวกลายกราฟฟิกการ์ตูน,3 รังสิต ลำลูกกา,,,,,,,,,,,,,,,,,,,,,
5/8/2024 13:57:37,ไม่มีแบรนด์,40,15,ซื้อเป็นขวด,65,"Makro online, ไม่ซื้อ Online เลย","Makro, ร้านขายอุปกรณ์เบเกอรี่","เดินทางสะดวกร้านใกล้บ้าน, ราคาถูก, ไปเลือกซื้อสินค้าอื่น ๆ เพิ่มเติม","ติ่งฟง, เฮลบูบอย, ลองบีช","ทดลองชิม, ใช้มานานแล้ว",ไม่มีความคิดเห็น,ไม่ปรับปรุง,ไม่ปรับปรุง,ลดลง,ไม่ปรับปรุง,เพิ่มขึ้น,ไม่ปรับปรุง,ไม่ปรับปรุง,ไม่ปรับปรุง,ไม่ปรับปรุง,ไม่ปรับปรุง,ไม่ปรับปรุง,ไม่ปรับปรุง,ไม่ปรับปรุง,ไม่ปรับปรุง,ฝาไม่ค่อยดีอยากให้ทำดีกว่านี้อีก,3 รังสิต ลำลูกกา,,,,,,,,,,,,,,,,,,,,,
5/8/2024 14:08:35,ไม่มีแบรนด์,20-25,10,ซื้อเป็นขวด,60,ไม่ซื้อ Online เลย,"Makro, ร้านขายอุปกรณ์เบเกอรี่","เดินทางสะดวกร้านใกล้บ้าน, ราคาถูก, เปรียบเทียบราคา, คุ้นเคยกับร้านค้า","ติ่งฟง, เฮลบูบอย",ทดลองชิม,T : Transgender – ผู้หญิงหรือผู้ชายที่ข้ามเพศ,ไม่ปรับปรุง,ไม่ปรับปรุง,ลดลง,ไม่ปรับปรุง,ไม่ปรับปรุง,ไม่ปรับปรุง,ไม่ปรับปรุง,ไม่ปรับปรุง,ไม่ปรับปรุง,ไม่ปรับปรุง,ไม่ปรับปรุง,ไม่ปรับปรุง,ไม่ปรับปรุง,ไม่ปรับปรุง,,3 รังสิต ลำลูกกา,,,,,,,,,,,,,,,,,,,,,
5/8/2024 14:15:07,ไม่มีแบรนด์,30,7,ซื้อเป็นขวด,60,ไม่ซื้อ Online เลย,ร้านขายอุปกรณ์เบเกอรี่,"เดินทางสะดวกร้านใกล้บ้าน, ราคาถูก, เปรียบเทียบราคา","ติ่งฟง, เฮลบูบอย",ทดลองชิม,G : Gay  ผู้ชายที่รักผู้ชายด้วยกัน,ไม่ปรับปรุง,ไม่ปรับปรุง,ลดลง,ไม่ปรับปรุง,ไม่ปรับปรุง,ไม่ปรับปรุง,ไม่ปรับปรุง,ไม่ปรับปรุง,ไม่ปรับปรุง,ไม่ปรับปรุง,ไม่ปรับปรุง,ไม่ปรับปรุง,ไม่ปรับปรุง,ไม่ปรับปรุง,,3 รังสิต ลำลูกกา,,,,,,,,,,,,,,,,,,,,,
5/8/2024 14:23:50,ไม่มีแบรนด์,20,15,ซื้อยกลัง,70,ไม่ซื้อ Online เลย,ร้านขายอุปกรณ์เบเกอรี่,"เดินทางสะดวกร้านใกล้บ้าน, ราคาถูก, มีสินค้าให้เลือก","ติ่งฟง, เฮลบูบอย","ทดลองชิม, โฆษณาทาง social media  Facebook, TikTok, IG",T : Transgender – ผู้หญิงหรือผู้ชายที่ข้ามเพศ,ไม่ปรับปรุง,ไม่ปรับปรุง,ไม่ปรับปรุง,ไม่ปรับปรุง,ไม่ปรับปรุง,ไม่ปรับปรุง,ไม่ปรับปรุง,เพิ่มขึ้น,ไม่ปรับปรุง,ไม่ปรับปรุง,ไม่ปรับปรุง,ไม่ปรับปรุง,ไม่ปรับปรุง,ไม่ปรับปรุง,,3 รังสิต ลำลูกกา,,,,,,,,,,,,,,,,,,,,,
5/8/2024 14:39:45,ไม่มีแบรนด์,25,16,ซื้อเป็นขวด,60,ไม่ซื้อ Online เลย,ร้านขายอุปกรณ์เบเกอรี่,"ไม่ต้องเดินทาง (Online), ทางร้านมาส่งให้ถึงที่","เฟรชชี่, ติ่งฟง, เฮลบูบอย, ลองบีช","ทดลองชิม, มันมาขายในลูกค้าส่วนใหญ่ทานแบรนด์นี้มานานแล้ว",ไม่มีความคิดเห็น,ไม่ปรับปรุง,ไม่ปรับปรุง,ลดลง,ไม่ปรับปรุง,ไม่ปรับปรุง,ไม่ปรับปรุง,ไม่ปรับปรุง,ไม่ปรับปรุง,ไม่ปรับปรุง,ไม่ปรับปรุง,ไม่ปรับปรุง,ไม่ปรับปรุง,ไม่ปรับปรุง,ไม่ปรับปรุง,อยากให้มีสินค้าตัวทดลองมาให้ทางร้านได้ลองใช้ก่อนเพื่อที่จะให้ลูกค้าที่ยังไม่เคยลองชิมได้ทดลองชิมก่อนเพื่อการตัดสินใจการซื้อจะได้ง่ายขึ้น,3 รังสิต ลำลูกกา,,,,,,,,,,,,,,,,,,,,,
5/9/2024 10:01:48,ไม่มีแบรนด์,25,15,ซื้อเป็นขวด,50,ไม่ซื้อ Online เลย,Makro,"เดินทางสะดวกร้านใกล้บ้าน, ราคาถูก, มีสินค้าให้เลือก, โปรโมทชั่น (ลด แจก แถม)","ติ่งฟง, เฮลบูบอย, ลองบีช","ทดลองชิม, ลูกค้า (ปากต่อปาก)",ไม่มีความคิดเห็น,ไม่ปรับปรุง,ไม่ปรับปรุง,ลดลง,ไม่ปรับปรุง,ไม่ปรับปรุง,ไม่ปรับปรุง,ไม่ปรับปรุง,ไม่ปรับปรุง,ไม่ปรับปรุง,ไม่ปรับปรุง,ไม่ปรับปรุง,ไม่ปรับปรุง,ไม่ปรับปรุง,ไม่ปรับปรุง,,4 สุขุมวิท อ่อนนุช พระโขนง,,,,,,,,,,,,,,,,,,,,,
5/9/2024 10:29:09,มีแบรนด์,25,5,ซื้อเป็นขวด,70,ไม่ซื้อ Online เลย,ร้านขายอุปกรณ์เบเกอรี่,"เดินทางสะดวกร้านใกล้บ้าน, มีสินค้าให้เลือก, ไปเลือกซื้อสินค้าอื่น ๆ เพิ่มเติม","ติ่งฟง, เฮลบูบอย, ลองบีช","ทดลองชิม, ลูกค้า (ปากต่อปาก)",T : Transgender – ผู้หญิงหรือผู้ชายที่ข้ามเพศ,ไม่ปรับปรุง,ไม่ปรับปรุง,ลดลง,ไม่ปรับปรุง,ไม่ปรับปรุง,ไม่ปรับปรุง,ไม่ปรับปรุง,ไม่ปรับปรุง,ไม่ปรับปรุง,ไม่ปรับปรุง,ไม่ปรับปรุง,ไม่ปรับปรุง,ไม่ปรับปรุง,ไม่ปรับปรุง,,4 สุขุมวิท อ่อนนุช พระโขนง,,,,,,,,,,,,,,,,,,,,,
5/9/2024 10:34:24,ไม่มีแบรนด์,25,5,ซื้อเป็นขวด,50,ไม่ซื้อ Online เลย,"Makro, ร้านขายอุปกรณ์เบเกอรี่","เดินทางสะดวกร้านใกล้บ้าน, มีสินค้าให้เลือก, ไปเลือกซื้อสินค้าอื่น ๆ เพิ่มเติม","ติ่งฟง, ลองบีช",ทดลองชิม,T : Transgender – ผู้หญิงหรือผู้ชายที่ข้ามเพศ,ไม่ปรับปรุง,ไม่ปรับปรุง,ลดลง,ไม่ปรับปรุง,ไม่ปรับปรุง,ไม่ปรับปรุง,ไม่ปรับปรุง,ไม่ปรับปรุง,ไม่ปรับปรุง,ไม่ปรับปรุง,ไม่ปรับปรุง,ไม่ปรับปรุง,ไม่ปรับปรุง,ไม่ปรับปรุง,,4 สุขุมวิท อ่อนนุช พระโขนง,,,,,,,,,,,,,,,,,,,,,
5/9/2024 10:44:09,ไม่มีแบรนด์,30,7,ซื้อเป็นขวด,60,ไม่ซื้อ Online เลย,"Makro, ไม่ซื้อออฟไลน์เลย","เดินทางสะดวกร้านใกล้บ้าน, ราคาถูก","ติ่งฟง, เฮลบูบอย",ทดลองชิม,ไม่มีความคิดเห็น,ไม่ปรับปรุง,ไม่ปรับปรุง,ลดลง,ไม่ปรับปรุง,ไม่ปรับปรุง,ไม่ปรับปรุง,ไม่ปรับปรุง,ไม่ปรับปรุง,ไม่ปรับปรุง,ไม่ปรับปรุง,ไม่ปรับปรุง,ไม่ปรับปรุง,ไม่ปรับปรุง,ไม่ปรับปรุง,,4 สุขุมวิท อ่อนนุช พระโขนง,,,,,,,,,,,,,,,,,,,,,
5/9/2024 10:56:09,ไม่มีแบรนด์,80,5,ซื้อเป็นขวด,85,ไม่ซื้อ Online เลย,Makro,"เดินทางสะดวกร้านใกล้บ้าน, ราคาถูก, มีสินค้าให้เลือก, โปรโมทชั่น (ลด แจก แถม)",Monin,ทดลองชิม,ไม่มีความคิดเห็น,ไม่ปรับปรุง,ไม่ปรับปรุง,ลดลง,ไม่ปรับปรุง,ไม่ปรับปรุง,ไม่ปรับปรุง,ไม่ปรับปรุง,ไม่ปรับปรุง,ไม่ปรับปรุง,ไม่ปรับปรุง,ไม่ปรับปรุง,ไม่ปรับปรุง,ไม่ปรับปรุง,ไม่ปรับปรุง,,4 สุขุมวิท อ่อนนุช พระโขนง,,,,,,,,,,,,,,,,,,,,,
5/9/2024 11:13:51,ไม่มีแบรนด์,20,5,ซื้อเป็นขวด,65,ไม่ซื้อ Online เลย,"Makro, ร้านขายอุปกรณ์เบเกอรี่","เดินทางสะดวกร้านใกล้บ้าน, ราคาถูก, เปรียบเทียบราคา, โปรโมทชั่น (ลด แจก แถม), ไปเลือกซื้อสินค้าอื่น ๆ เพิ่มเติม","ติ่งฟง, เฮลบูบอย",ใช้ตัวนี้มานานแล้ว,ไม่มีความคิดเห็น,ไม่ปรับปรุง,ไม่ปรับปรุง,ลดลง,ไม่ปรับปรุง,ไม่ปรับปรุง,ไม่ปรับปรุง,ไม่ปรับปรุง,ไม่ปรับปรุง,ไม่ปรับปรุง,ไม่ปรับปรุง,ไม่ปรับปรุง,ไม่ปรับปรุง,ไม่ปรับปรุง,ไม่ปรับปรุง,เน้นราคาถูก ต้นทุนแพงมากร้านค้าก็ลำบากขึ้นราคาลูกค้าก็บ่น,4 สุขุมวิท อ่อนนุช พระโขนง,,,,,,,,,,,,,,,,,,,,,
5/9/2024 11:27:56,ไม่มีแบรนด์,25,5,ซื้อเป็นขวด,50,ไม่ซื้อ Online เลย,ร้านขายอุปกรณ์เบเกอรี่,"ไม่ต้องเดินทาง (Online), ไปเลือกซื้อสินค้าอื่น ๆ เพิ่มเติม, คุ้นเคยกับร้านค้า","เฟรชชี่, ควีน, เฮลบูบอย",ทดลองชิม,T : Transgender – ผู้หญิงหรือผู้ชายที่ข้ามเพศ,ไม่ปรับปรุง,ไม่ปรับปรุง,ลดลง,ไม่ปรับปรุง,ไม่ปรับปรุง,ไม่ปรับปรุง,ไม่ปรับปรุง,ไม่ปรับปรุง,ไม่ปรับปรุง,ไม่ปรับปรุง,ไม่ปรับปรุง,ไม่ปรับปรุง,ไม่ปรับปรุง,ไม่ปรับปรุง,,4 สุขุมวิท อ่อนนุช พระโขนง,,,,,,,,,,,,,,,,,,,,,
5/9/2024 12:27:40,ไม่มีแบรนด์,30-50,5,ซื้อเป็นขวด,90,ไม่ซื้อ Online เลย,ร้านขายอุปกรณ์เบเกอรี่,"ไม่ต้องเดินทาง (Online), ราคาถูก, มีสินค้าให้เลือก, เปรียบเทียบราคา, ไปเลือกซื้อสินค้าอื่น ๆ เพิ่มเติม","ติ่งฟง, เฮลบูบอย, ลองบีช","บรรจุภัณฑ์สวย, ทดลองชิม, ลูกค้า (ปากต่อปาก)",T : Transgender – ผู้หญิงหรือผู้ชายที่ข้ามเพศ,ไม่ปรับปรุง,ไม่ปรับปรุง,ลดลง,ไม่ปรับปรุง,ไม่ปรับปรุง,ไม่ปรับปรุง,ไม่ปรับปรุง,ไม่ปรับปรุง,ไม่ปรับปรุง,ไม่ปรับปรุง,ไม่ปรับปรุง,ไม่ปรับปรุง,เพิ่มขึ้น,ไม่ปรับปรุง,ฝาชอบแตกง่าย  เน้นราคาถูกรสชาติอร่อย,4 สุขุมวิท อ่อนนุช พระโขนง,,,,,,,,,,,,,,,,,,,,,
5/9/2024 12:55:02,ไม่มีแบรนด์,30,5,ซื้อเป็นขวด,65,ไม่ซื้อ Online เลย,ร้านขายอุปกรณ์เบเกอรี่,"เดินทางสะดวกร้านใกล้บ้าน, ราคาถูก, มีสินค้าให้เลือก","ติ่งฟง, เฮลบูบอย, ลองบีช",ทดลองชิม,T : Transgender – ผู้หญิงหรือผู้ชายที่ข้ามเพศ,เพิ่มขึ้น,ไม่ปรับปรุง,ลดลง,ไม่ปรับปรุง,ไม่ปรับปรุง,ไม่ปรับปรุง,ไม่ปรับปรุง,เพิ่มขึ้น,ไม่ปรับปรุง,ไม่ปรับปรุง,ไม่ปรับปรุง,ไม่ปรับปรุง,เพิ่มขึ้น,ไม่ปรับปรุง,อยากได้ขวดเหลี่ยมราคาถูกลง ฝาอยากให้เป็นฝาจุก,4 สุขุมวิท อ่อนนุช พระโขนง,,,,,,,,,,,,,,,,,,,,,
5/9/2024 13:09:35,ไม่มีแบรนด์,30,5,ซื้อเป็นขวด,60,ไม่ซื้อ Online เลย,Makro,"เดินทางสะดวกร้านใกล้บ้าน, ราคาถูก, มีสินค้าให้เลือก, เปรียบเทียบราคา","ติ่งฟง, เฮลบูบอย, ลองบีช","บรรจุภัณฑ์สวย, ทดลองชิม",B : Bisexual  คนที่รักได้ทั้งชายและหญิง,ไม่ปรับปรุง,ไม่ปรับปรุง,ลดลง,ไม่ปรับปรุง,ไม่ปรับปรุง,ไม่ปรับปรุง,เพิ่มขึ้น,ไม่ปรับปรุง,ไม่ปรับปรุง,ไม่ปรับปรุง,ไม่ปรับปรุง,ไม่ปรับปรุง,ไม่ปรับปรุง,ไม่ปรับปรุง,,4 สุขุมวิท อ่อนนุช พระโขนง,,,,,,,,,,,,,,,,,,,,,
5/9/2024 13:21:41,ไม่มีแบรนด์,25,3,ซื้อเป็นขวด,50,ไม่ซื้อ Online เลย,ร้านขายอุปกรณ์เบเกอรี่,"เดินทางสะดวกร้านใกล้บ้าน, ไปเลือกซื้อสินค้าอื่น ๆ เพิ่มเติม, คุ้นเคยกับร้านค้า","ติ่งฟง, เฮลบูบอย",ใช้มานานแล้ว,T : Transgender – ผู้หญิงหรือผู้ชายที่ข้ามเพศ,ไม่ปรับปรุง,ไม่ปรับปรุง,ลดลง,ไม่ปรับปรุง,ไม่ปรับปรุง,ไม่ปรับปรุง,ไม่ปรับปรุง,เพิ่มขึ้น,ไม่ปรับปรุง,ไม่ปรับปรุง,ไม่ปรับปรุง,ไม่ปรับปรุง,เพิ่มขึ้น,ไม่ปรับปรุง,,4 สุขุมวิท อ่อนนุช พระโขนง,,,,,,,,,,,,,,,,,,,,,
5/9/2024 13:34:16,ไม่มีแบรนด์,25-30,15,ซื้อเป็นขวด,70,ไม่ซื้อ Online เลย,"Makro, ร้านขายอุปกรณ์เบเกอรี่","เดินทางสะดวกร้านใกล้บ้าน, ราคาถูก","ติ่งฟง, เฮลบูบอย, ลองบีช",ราคา,ไม่มีความคิดเห็น,ไม่ปรับปรุง,ไม่ปรับปรุง,ลดลง,ไม่ปรับปรุง,ไม่ปรับปรุง,ไม่ปรับปรุง,ไม่ปรับปรุง,ไม่ปรับปรุง,ไม่ปรับปรุง,ไม่ปรับปรุง,ไม่ปรับปรุง,ไม่ปรับปรุง,ไม่ปรับปรุง,ไม่ปรับปรุง,ฝาไม่แข็งแรง,4 สุขุมวิท อ่อนนุช พระโขนง,,,,,,,,,,,,,,,,,,,,,
5/9/2024 13:47:57,ไม่มีแบรนด์,25,15,ซื้อเป็นขวด,65,ไม่ซื้อ Online เลย,"Makro, ร้านขายอุปกรณ์เบเกอรี่","ไม่ต้องเดินทาง (Online), ราคาถูก, มีสินค้าให้เลือก, เปรียบเทียบราคา, ไปเลือกซื้อสินค้าอื่น ๆ เพิ่มเติม","ติ่งฟง, เฮลโหล, ลองบีช","ทดลองชิม, ลูกค้า (ปากต่อปาก)",T : Transgender – ผู้หญิงหรือผู้ชายที่ข้ามเพศ,ไม่ปรับปรุง,ไม่ปรับปรุง,ลดลง,ไม่ปรับปรุง,ไม่ปรับปรุง,ไม่ปรับปรุง,ไม่ปรับปรุง,ไม่ปรับปรุง,ไม่ปรับปรุง,ไม่ปรับปรุง,ไม่ปรับปรุง,ไม่ปรับปรุง,ไม่ปรับปรุง,ไม่ปรับปรุง,เน้นราคาถูก,4 สุขุมวิท อ่อนนุช พระโขนง,,,,,,,,,,,,,,,,,,,,,
5/9/2024 14:12:56,ไม่มีแบรนด์,25,10,ซื้อเป็นขวด,65,"ไม่ซื้อ Online เลย, ",ร้านขายอุปกรณ์เบเกอรี่,"ไม่ต้องเดินทาง (Online), ราคาถูก, มีสินค้าให้เลือก","ติ่งฟง, เฮลบูบอย",ทดลองชิม,ไม่มีความคิดเห็น,ไม่ปรับปรุง,ไม่ปรับปรุง,ลดลง,ไม่ปรับปรุง,ไม่ปรับปรุง,ไม่ปรับปรุง,ไม่ปรับปรุง,ไม่ปรับปรุง,ไม่ปรับปรุง,ไม่ปรับปรุง,ไม่ปรับปรุง,ไม่ปรับปรุง,ไม่ปรับปรุง,ไม่ปรับปรุง,,4 สุขุมวิท อ่อนนุช พระโขนง,,,,,,,,,,,,,,,,,,,,,
5/9/2024 14:32:26,ไม่มีแบรนด์,25-30,15,ซื้อเป็นขวด,65,ไม่ซื้อ Online เลย,ร้านขายอุปกรณ์เบเกอรี่,"เดินทางสะดวกร้านใกล้บ้าน, ราคาถูก, ไปเลือกซื้อสินค้าอื่น ๆ เพิ่มเติม","ติ่งฟง, เฮลบูบอย, ลองบีช",ใช้มานานแล้ว,T : Transgender – ผู้หญิงหรือผู้ชายที่ข้ามเพศ,ไม่ปรับปรุง,ไม่ปรับปรุง,ลดลง,ไม่ปรับปรุง,ไม่ปรับปรุง,ไม่ปรับปรุง,ไม่ปรับปรุง,ไม่ปรับปรุง,ไม่ปรับปรุง,ไม่ปรับปรุง,ไม่ปรับปรุง,ไม่ปรับปรุง,ไม่ปรับปรุง,ไม่ปรับปรุง,,4 สุขุมวิท อ่อนนุช พระโขนง,,,,,,,,,,,,,,,,,,,,,
5/9/2024 14:35:46,ไม่มีแบรนด์,25,15,ซื้อเป็นขวด,60,ไม่ซื้อ Online เลย,"Makro, ร้านขายอุปกรณ์เบเกอรี่","เดินทางสะดวกร้านใกล้บ้าน, ราคาถูก, มีสินค้าให้เลือก, ไปเลือกซื้อสินค้าอื่น ๆ เพิ่มเติม","ติ่งฟง, เฮลบูบอย",หาซื้อได้ง่ายมีขายตามร้านทั่วไป,T : Transgender – ผู้หญิงหรือผู้ชายที่ข้ามเพศ,ไม่ปรับปรุง,ไม่ปรับปรุง,ลดลง,ไม่ปรับปรุง,ไม่ปรับปรุง,ไม่ปรับปรุง,ไม่ปรับปรุง,ไม่ปรับปรุง,ไม่ปรับปรุง,ไม่ปรับปรุง,ไม่ปรับปรุง,ไม่ปรับปรุง,ไม่ปรับปรุง,ไม่ปรับปรุง,อยากให้มีเนื้อผลไม้มากกว่านี้และกลิ่นสีรสชาติใกล้เคียงเหมือนกับผลไม้ของจริง,4 สุขุมวิท อ่อนนุช พระโขนง,,,,,,,,,,,,,,,,,,,,,
5/9/2024 14:45:17,ไม่มีแบรนด์,50,2,ซื้อเป็นขวด,"50, 60","Shopee, Makro online",Makro,"เดินทางสะดวกร้านใกล้บ้าน, เปรียบเทียบราคา","ติ่งฟง, เฮลบูบอย",ทดลองชิม,ไม่มีความคิดเห็น,ไม่ปรับปรุง,ไม่ปรับปรุง,ไม่ปรับปรุง,ไม่ปรับปรุง,ไม่ปรับปรุง,เพิ่มขึ้น,ไม่ปรับปรุง,ไม่ปรับปรุง,ไม่ปรับปรุง,ไม่ปรับปรุง,ไม่ปรับปรุง,ไม่ปรับปรุง,ไม่ปรับปรุง,เพิ่มขึ้น,,4 สุขุมวิท อ่อนนุช พระโขนง,,,,,,,,,,,,,,,,,,,,,
5/9/2024 14:58:36,ไม่มีแบรนด์,35,15,ซื้อเป็นขวด,50,ไม่ซื้อ Online เลย,ร้านขายอุปกรณ์เบเกอรี่,"เดินทางสะดวกร้านใกล้บ้าน, ราคาถูก, มีสินค้าให้เลือก, ไปเลือกซื้อสินค้าอื่น ๆ เพิ่มเติม","ติ่งฟง, เฮลบูบอย",ทดลองชิม,T : Transgender – ผู้หญิงหรือผู้ชายที่ข้ามเพศ,ไม่ปรับปรุง,ไม่ปรับปรุง,ลดลง,ไม่ปรับปรุง,ไม่ปรับปรุง,ไม่ปรับปรุง,ไม่ปรับปรุง,ไม่ปรับปรุง,ไม่ปรับปรุง,ไม่ปรับปรุง,ไม่ปรับปรุง,ไม่ปรับปรุง,ไม่ปรับปรุง,ไม่ปรับปรุง,เน้นราคาถูกมากกว่านี้,4 สุขุมวิท อ่อนนุช พระโขนง,,,,,,,,,,,,,,,,,,,,,
5/9/2024 15:18:28,มีแบรนด์,35-65,5,ซื้อเป็นขวด,85,"Shopee, Lazada",ออนไลน์,"ไม่ต้องเดินทาง (Online), ราคาถูก, เปรียบเทียบราคา, โปรโมทชั่น (ลด แจก แถม)","ติ่งฟง, ลองบีช, Senorita","PC (พนักงานขาย), ทดลองชิม, ลูกค้า (ปากต่อปาก)",T : Transgender – ผู้หญิงหรือผู้ชายที่ข้ามเพศ,ไม่ปรับปรุง,ไม่ปรับปรุง,ไม่ปรับปรุง,ไม่ปรับปรุง,ไม่ปรับปรุง,ไม่ปรับปรุง,ไม่ปรับปรุง,เพิ่มขึ้น,ไม่ปรับปรุง,ไม่ปรับปรุง,ไม่ปรับปรุง,ไม่ปรับปรุง,ไม่ปรับปรุง,ไม่ปรับปรุง,อยากให้แถมหัวปั๊มเพื่อการใช้ให้สะดวกขึ้น,4 สุขุมวิท อ่อนนุช พระโขนง,,,,,,,,,,,,,,,,,,,,,
5/9/2024 16:08:52,ไม่มีแบรนด์,30-35,10,ซื้อเป็นขวด,70,ไม่ซื้อ Online เลย,ร้านขายอุปกรณ์เบเกอรี่,"ไม่ต้องเดินทาง (Online), ราคาถูก, มีสินค้าให้เลือก, เปรียบเทียบราคา, ไปเลือกซื้อสินค้าอื่น ๆ เพิ่มเติม","ติ่งฟง, เฮลบูบอย","ทดลองชิม, ลูกค้า (ปากต่อปาก)",ไม่มีความคิดเห็น,ไม่ปรับปรุง,ไม่ปรับปรุง,ลดลง,ไม่ปรับปรุง,ไม่ปรับปรุง,ไม่ปรับปรุง,ไม่ปรับปรุง,ไม่ปรับปรุง,ไม่ปรับปรุง,ไม่ปรับปรุง,ไม่ปรับปรุง,ไม่ปรับปรุง,ไม่ปรับปรุง,ไม่ปรับปรุง,ขอเน้นในเรื่องน้ำส้มอยากให้มีรสชาติที่เปรี้ยวมากกว่าหวานลูกค้าแจ้งว่ารสชาติส้มไม่เหมือนจริง,4 สุขุมวิท อ่อนนุช พระโขนง,,,,,,,,,,,,,,,,,,,,,
5/10/2024 10:15:26,ไม่มีแบรนด์,35,5,ซื้อเป็นขวด,75,ไม่ซื้อ Online เลย,"Makro, ร้านขายอุปกรณ์เบเกอรี่","เดินทางสะดวกร้านใกล้บ้าน, ราคาถูก, มีสินค้าให้เลือก, โปรโมทชั่น (ลด แจก แถม), ไปเลือกซื้อสินค้าอื่น ๆ เพิ่มเติม","เฟรชชี่, ติ่งฟง, เฮลบูบอย, ลองบีช",ความเข้มข้นได้,ไม่มีความคิดเห็น,ไม่ปรับปรุง,เพิ่มขึ้น,ไม่ปรับปรุง,ไม่ปรับปรุง,ไม่ปรับปรุง,เพิ่มขึ้น,เพิ่มขึ้น,ไม่ปรับปรุง,ไม่ปรับปรุง,ไม่ปรับปรุง,ไม่ปรับปรุง,ไม่ปรับปรุง,ไม่ปรับปรุง,ไม่ปรับปรุง,อยากได้ของแถมเป็นจุกฝาปั๊ม,5 บางนา สมุทรปราการ,,,,,,,,,,,,,,,,,,,,,
5/10/2024 10:53:00,มีแบรนด์,30,5,ซื้อเป็นขวด,65,ไม่ซื้อ Online เลย,ร้านขายอุปกรณ์เบเกอรี่,"เดินทางสะดวกร้านใกล้บ้าน, ราคาถูก, มีสินค้าให้เลือก, เปรียบเทียบราคา, ไปเลือกซื้อสินค้าอื่น ๆ เพิ่มเติม","ติ่งฟง, เฮลบูบอย, ลองบีช, Mornington ","ทดลองชิม, ใช้มานานแล้ว",T : Transgender – ผู้หญิงหรือผู้ชายที่ข้ามเพศ,ไม่ปรับปรุง,ไม่ปรับปรุง,ลดลง,ไม่ปรับปรุง,ไม่ปรับปรุง,ไม่ปรับปรุง,ไม่ปรับปรุง,เพิ่มขึ้น,ไม่ปรับปรุง,ไม่ปรับปรุง,ไม่ปรับปรุง,ไม่ปรับปรุง,เพิ่มขึ้น,ไม่ปรับปรุง,เน้นควาสวยงามของขวดและใช้งานง่ายเน้นหัวปั๊มยิ่งดี,5 บางนา สมุทรปราการ,,,,,,,,,,,,,,,,,,,,,
5/10/2024 10:58:00,มีแบรนด์,65-75,10,ซื้อเป็นขวด,60,ไม่ซื้อ Online เลย,Makro,"เดินทางสะดวกร้านใกล้บ้าน, ราคาถูก, มีสินค้าให้เลือก, เปรียบเทียบราคา, ไปเลือกซื้อสินค้าอื่น ๆ เพิ่มเติม","ลองบีช, อื่นๆ",ทดลองชิม,T : Transgender – ผู้หญิงหรือผู้ชายที่ข้ามเพศ,ไม่ปรับปรุง,ไม่ปรับปรุง,ไม่ปรับปรุง,ไม่ปรับปรุง,ไม่ปรับปรุง,ไม่ปรับปรุง,ไม่ปรับปรุง,เพิ่มขึ้น,ไม่ปรับปรุง,ไม่ปรับปรุง,ไม่ปรับปรุง,ไม่ปรับปรุง,ไม่ปรับปรุง,ไม่ปรับปรุง,อยากแถมหัวปั๊ม,5 บางนา สมุทรปราการ,,,,,,,,,,,,,,,,,,,,,
5/10/2024 11:29:12,ไม่มีแบรนด์,25-30,15,ซื้อเป็นขวด,70,ไม่ซื้อ Online เลย,ร้านขายอุปกรณ์เบเกอรี่,"เดินทางสะดวกร้านใกล้บ้าน, มีสินค้าให้เลือก, เปรียบเทียบราคา, ไปเลือกซื้อสินค้าอื่น ๆ เพิ่มเติม","ติ่งฟง, เฮลบูบอย",ทดลองชิม,T : Transgender – ผู้หญิงหรือผู้ชายที่ข้ามเพศ,ไม่ปรับปรุง,ไม่ปรับปรุง,ลดลง,ไม่ปรับปรุง,ไม่ปรับปรุง,เพิ่มขึ้น,ไม่ปรับปรุง,เพิ่มขึ้น,ไม่ปรับปรุง,ไม่ปรับปรุง,ไม่ปรับปรุง,ไม่ปรับปรุง,ไม่ปรับปรุง,ไม่ปรับปรุง,อยากได้ฝาที่เป็นแบบบีบออกเหมือนซอสเลยไม่ต้องปิดเปิดในรูปแบบหมุน,5 บางนา สมุทรปราการ,,,,,,,,,,,,,,,,,,,,,
5/10/2024 11:57:13,ไม่มีแบรนด์,20,5,ซื้อเป็นขวด,70,ไม่ซื้อ Online เลย,"Makro, ร้านขายอุปกรณ์เบเกอรี่","เดินทางสะดวกร้านใกล้บ้าน, ราคาถูก, มีสินค้าให้เลือก, โปรโมทชั่น (ลด แจก แถม)","ติ่งฟง, เฮลบูบอย",ทดลองชิม,ไม่มีความคิดเห็น,ไม่ปรับปรุง,ไม่ปรับปรุง,ไม่ปรับปรุง,ไม่ปรับปรุง,ไม่ปรับปรุง,ไม่ปรับปรุง,ไม่ปรับปรุง,ไม่ปรับปรุง,ไม่ปรับปรุง,ไม่ปรับปรุง,ไม่ปรับปรุง,ไม่ปรับปรุง,ไม่ปรับปรุง,ไม่ปรับปรุง,,5 บางนา สมุทรปราการ,,,,,,,,,,,,,,,,,,,,,
5/10/2024 12:09:42,ไม่มีแบรนด์,30-35,15,ซื้อเป็นขวด,70,ไม่ซื้อ Online เลย,ร้านขายอุปกรณ์เบเกอรี่,"ไม่ต้องเดินทาง (Online), ราคาถูก, มีสินค้าให้เลือก, ไปเลือกซื้อสินค้าอื่น ๆ เพิ่มเติม","ติ่งฟง, เฮลบูบอย","ทดลองชิม, ลูกค้า (ปากต่อปาก)",T : Transgender – ผู้หญิงหรือผู้ชายที่ข้ามเพศ,ไม่ปรับปรุง,ไม่ปรับปรุง,ลดลง,ไม่ปรับปรุง,ไม่ปรับปรุง,ไม่ปรับปรุง,ไม่ปรับปรุง,ไม่ปรับปรุง,ไม่ปรับปรุง,ไม่ปรับปรุง,ไม่ปรับปรุง,ไม่ปรับปรุง,ไม่ปรับปรุง,ไม่ปรับปรุง,,5 บางนา สมุทรปราการ,,,,,,,,,,,,,,,,,,,,,
5/10/2024 12:21:18,ไม่มีแบรนด์,25,15,ซื้อเป็นขวด,65,Makro online,Makro,"ไม่ต้องเดินทาง (Online), ราคาถูก, เปรียบเทียบราคา, โปรโมทชั่น (ลด แจก แถม), ไปเลือกซื้อสินค้าอื่น ๆ เพิ่มเติม","ติ่งฟง, เฮลบูบอย",ใช้แบรนด์นี้มานานแล้วถ้าเกิดวันนึงมีพรีเซ็นเตอร์หน้าขวดพี่อยากให้เป็นผู้หญิงหรือผู้ชายดีคะ,ไม่มีความคิดเห็น,ไม่ปรับปรุง,ไม่ปรับปรุง,ลดลง,ไม่ปรับปรุง,ไม่ปรับปรุง,ไม่ปรับปรุง,ไม่ปรับปรุง,ไม่ปรับปรุง,ไม่ปรับปรุง,ไม่ปรับปรุง,ไม่ปรับปรุง,ไม่ปรับปรุง,เพิ่มขึ้น,ไม่ปรับปรุง,อยากให้พัฒนาเรื่องรูปลักษณ์ของขวดให้สวยมากกว่านี้และการใช้งานง่ายมากกว่านี้ค่ะ,5 บางนา สมุทรปราการ,,,,,,,,,,,,,,,,,,,,,
5/10/2024 12:34:54,ไม่มีแบรนด์,25,10,ซื้อเป็นขวด,60,ไม่ซื้อ Online เลย,ร้านขายอุปกรณ์เบเกอรี่,"เดินทางสะดวกร้านใกล้บ้าน, ราคาถูก, ไปเลือกซื้อสินค้าอื่น ๆ เพิ่มเติม","ติ่งฟง, เฮลบูบอย, ลองบีช",หาซื้อง่าย,ไม่มีความคิดเห็น,ไม่ปรับปรุง,ไม่ปรับปรุง,ลดลง,ไม่ปรับปรุง,ไม่ปรับปรุง,ไม่ปรับปรุง,ไม่ปรับปรุง,ไม่ปรับปรุง,ไม่ปรับปรุง,ไม่ปรับปรุง,ไม่ปรับปรุง,ไม่ปรับปรุง,ไม่ปรับปรุง,ไม่ปรับปรุง,,5 บางนา สมุทรปราการ,,,,,,,,,,,,,,,,,,,,,
5/10/2024 12:49:58,มีแบรนด์,25,10,ซื้อเป็นขวด,80,"Lazada, Big C online",ออนไลน์,"ไม่ต้องเดินทาง (Online), ราคาถูก, มีสินค้าให้เลือก, เปรียบเทียบราคา, โปรโมทชั่น (ลด แจก แถม), ส่งฟรี","ติ่งฟง, เฮลบูบอย, ลิน","ทดลองชิม, ถูกปากลูกค้าหาซื้อง่าย",ไม่มีความคิดเห็น,ไม่ปรับปรุง,ไม่ปรับปรุง,ลดลง,ไม่ปรับปรุง,ไม่ปรับปรุง,ไม่ปรับปรุง,ไม่ปรับปรุง,ไม่ปรับปรุง,ไม่ปรับปรุง,ไม่ปรับปรุง,ไม่ปรับปรุง,ไม่ปรับปรุง,ไม่ปรับปรุง,ไม่ปรับปรุง,อยากได้ขวดในรูปแบบที่ไม่กินพื้นที่หยิบจัดหยิบจับถนัดมือไม่หลุดมือง่าย,5 บางนา สมุทรปราการ,,,,,,,,,,,,,,,,,,,,,
5/10/2024 13:18:03,มีแบรนด์,25,10,ซื้อเป็นขวด,60,ไม่ซื้อ Online เลย,Makro,"เดินทางสะดวกร้านใกล้บ้าน, ราคาถูก, มีสินค้าให้เลือก, เปรียบเทียบราคา, โปรโมทชั่น (ลด แจก แถม)","ติ่งฟง, เฮลบูบอย, ลองบีช, Senorita ",ทดลองชิม,T : Transgender – ผู้หญิงหรือผู้ชายที่ข้ามเพศ,ไม่ปรับปรุง,ไม่ปรับปรุง,ลดลง,ไม่ปรับปรุง,ไม่ปรับปรุง,ไม่ปรับปรุง,ไม่ปรับปรุง,ไม่ปรับปรุง,ไม่ปรับปรุง,ไม่ปรับปรุง,ไม่ปรับปรุง,ไม่ปรับปรุง,ไม่ปรับปรุง,ไม่ปรับปรุง,,5 บางนา สมุทรปราการ,,,,,,,,,,,,,,,,,,,,,
5/10/2024 13:58:18,มีแบรนด์,60,5,ซื้อเป็นขวด,80,"Shopee, Makro online",Makro,ไม่ต้องเดินทาง (Online),"ติ่งฟง, ลองบีช",ทดลองชิม,ไม่มีความคิดเห็น,เพิ่มขึ้น,เพิ่มขึ้น,ไม่ปรับปรุง,ไม่ปรับปรุง,ไม่ปรับปรุง,เพิ่มขึ้น,เพิ่มขึ้น,ไม่ปรับปรุง,ไม่ปรับปรุง,ไม่ปรับปรุง,ไม่ปรับปรุง,ไม่ปรับปรุง,ไม่ปรับปรุง,เพิ่มขึ้น,,5 บางนา สมุทรปราการ,,,,,,,,,,,,,,,,,,,,,
5/10/2024 14:08:11,ไม่มีแบรนด์,25,5,ซื้อเป็นขวด,65,ไม่ซื้อ Online เลย,ร้านขายอุปกรณ์เบเกอรี่,"เดินทางสะดวกร้านใกล้บ้าน, ราคาถูก, มีสินค้าให้เลือก, เปรียบเทียบราคา, โปรโมทชั่น (ลด แจก แถม), ซื้อก่อน จ่ายทีหลังได้","ติ่งฟง, เฮลบูบอย",รสชาติเข้มข้นและก็ถูกปากคนทาน,T : Transgender – ผู้หญิงหรือผู้ชายที่ข้ามเพศ,ไม่ปรับปรุง,ไม่ปรับปรุง,ลดลง,ไม่ปรับปรุง,ไม่ปรับปรุง,ไม่ปรับปรุง,ไม่ปรับปรุง,ไม่ปรับปรุง,ไม่ปรับปรุง,ไม่ปรับปรุง,ไม่ปรับปรุง,ไม่ปรับปรุง,ไม่ปรับปรุง,ไม่ปรับปรุง,อยากให้แถมหัวปั๊มขวด,5 บางนา สมุทรปราการ,,,,,,,,,,,,,,,,,,,,,
5/10/2024 14:19:46,ไม่มีแบรนด์,30-40,10,ซื้อเป็นขวด,50,ไม่ซื้อ Online เลย,"Makro, ร้านขายอุปกรณ์เบเกอรี่","เดินทางสะดวกร้านใกล้บ้าน, ราคาถูก, มีสินค้าให้เลือก, เปรียบเทียบราคา, โปรโมทชั่น (ลด แจก แถม)","ติ่งฟง, เฮลบูบอย",รสชาติดีและใช้มานาน,T : Transgender – ผู้หญิงหรือผู้ชายที่ข้ามเพศ,ไม่ปรับปรุง,ไม่ปรับปรุง,ลดลง,ไม่ปรับปรุง,ไม่ปรับปรุง,เพิ่มขึ้น,ไม่ปรับปรุง,ไม่ปรับปรุง,ไม่ปรับปรุง,ไม่ปรับปรุง,ไม่ปรับปรุง,ไม่ปรับปรุง,ไม่ปรับปรุง,ไม่ปรับปรุง,อยากให้แถมฝาปั๊ม,5 บางนา สมุทรปราการ,,,,,,,,,,,,,,,,,,,,,
5/10/2024 15:09:11,ไม่มีแบรนด์,25,10,ซื้อเป็นขวด,50,ไม่ซื้อ Online เลย,ร้านขายอุปกรณ์เบเกอรี่,"เดินทางสะดวกร้านใกล้บ้าน, ราคาถูก, ไปเลือกซื้อสินค้าอื่น ๆ เพิ่มเติม, คุ้นเคยกับร้านค้า","ติ่งฟง, เฮลบูบอย",ติงฟงเป็นเจ้าแรกที่หาซื้อง่ายตามร้านค้าทั่วไป,T : Transgender – ผู้หญิงหรือผู้ชายที่ข้ามเพศ,ไม่ปรับปรุง,เพิ่มขึ้น,ลดลง,ไม่ปรับปรุง,ไม่ปรับปรุง,เพิ่มขึ้น,ไม่ปรับปรุง,ไม่ปรับปรุง,ไม่ปรับปรุง,ไม่ปรับปรุง,ไม่ปรับปรุง,ไม่ปรับปรุง,เพิ่มขึ้น,ไม่ปรับปรุง,,5 บางนา สมุทรปราการ,,,,,,,,,,,,,,,,,,,,,
5/10/2024 15:19:43,ไม่มีแบรนด์,24,15,ซื้อเป็นขวด,50,ไม่ซื้อ Online เลย,"Makro, Lotus, CJ, ร้านขายอุปกรณ์เบเกอรี่","เดินทางสะดวกร้านใกล้บ้าน, ราคาถูก, มีสินค้าให้เลือก, เปรียบเทียบราคา, โปรโมทชั่น (ลด แจก แถม), ไปเลือกซื้อสินค้าอื่น ๆ เพิ่มเติม","ติ่งฟง, เฮลบูบอย, ลองบีช",ซื้อตามสูตรที่ใช้,T : Transgender – ผู้หญิงหรือผู้ชายที่ข้ามเพศ,ไม่ปรับปรุง,ไม่ปรับปรุง,ลดลง,ไม่ปรับปรุง,ไม่ปรับปรุง,ไม่ปรับปรุง,ไม่ปรับปรุง,ไม่ปรับปรุง,ไม่ปรับปรุง,ไม่ปรับปรุง,ไม่ปรับปรุง,ไม่ปรับปรุง,ไม่ปรับปรุง,ไม่ปรับปรุง,,5 บางนา สมุทรปราการ,,,,,,,,,,,,,,,,,,,,,
5/10/2024 15:34:23,ไม่มีแบรนด์,30-40,10,ซื้อเป็นขวด,60,ไม่ซื้อ Online เลย,ร้านขายอุปกรณ์เบเกอรี่,"เดินทางสะดวกร้านใกล้บ้าน, ราคาถูก, เปรียบเทียบราคา, ไปเลือกซื้อสินค้าอื่น ๆ เพิ่มเติม","เฟรชชี่, เฮลบูบอย, Senorita","ทดลองชิม, ลูกค้า (ปากต่อปาก)",ไม่มีความคิดเห็น,ลดลง,เพิ่มขึ้น,ลดลง,ไม่ปรับปรุง,เพิ่มขึ้น,ไม่ปรับปรุง,ไม่ปรับปรุง,เพิ่มขึ้น,ไม่ปรับปรุง,ไม่ปรับปรุง,ไม่ปรับปรุง,ไม่ปรับปรุง,ไม่ปรับปรุง,ไม่ปรับปรุง,อยากให้ฝาเป็นในรูปแบบเปิดปิดเหมือนขวดซอสเพราะปัญหาคือเกลียวหวานง่าย,5 บางนา สมุทรปราการ,,,,,,,,,,,,,,,,,,,,,
5/10/2024 15:51:12,ไม่มีแบรนด์,25-35,15,ซื้อยกลัง,60,สั่งกับเซลล์,สั่งกับเซลล์,"ไม่ต้องเดินทาง (Online), ราคาถูก","เฟรชชี่, ติ่งฟง, เฮลบูบอย, ลองบีช","ทดลองชิม, ลูกค้าถูกปาก",T : Transgender – ผู้หญิงหรือผู้ชายที่ข้ามเพศ,ไม่ปรับปรุง,ไม่ปรับปรุง,ลดลง,ไม่ปรับปรุง,ไม่ปรับปรุง,ไม่ปรับปรุง,ไม่ปรับปรุง,เพิ่มขึ้น,ไม่ปรับปรุง,ไม่ปรับปรุง,ไม่ปรับปรุง,ไม่ปรับปรุง,เพิ่มขึ้น,ไม่ปรับปรุง,อยากให้แถมหัวปั๊ม,5 บางนา สมุทรปราการ,,,,,,,,,,,,,,,,,,,,,
5/10/2024 16:22:44,มีแบรนด์,25,50,ซื้อเป็นขวด,60,ไม่ซื้อ Online เลย,"Makro, ร้านขายอุปกรณ์เบเกอรี่, Go wholesale","เดินทางสะดวกร้านใกล้บ้าน, ราคาถูก, มีสินค้าให้เลือก, เปรียบเทียบราคา, โปรโมทชั่น (ลด แจก แถม), ไปเลือกซื้อสินค้าอื่น ๆ เพิ่มเติม","เฟรชชี่, ติ่งฟง, เฮลบูบอย, ตรากระต่าย","PC (พนักงานขาย), บรรจุภัณฑ์สวย, ทดลองชิม, ลูกค้า (ปากต่อปาก)",T : Transgender – ผู้หญิงหรือผู้ชายที่ข้ามเพศ,ไม่ปรับปรุง,ไม่ปรับปรุง,ลดลง,ไม่ปรับปรุง,ไม่ปรับปรุง,ไม่ปรับปรุง,ไม่ปรับปรุง,เพิ่มขึ้น,ไม่ปรับปรุง,ไม่ปรับปรุง,ไม่ปรับปรุง,ไม่ปรับปรุง,เพิ่มขึ้น,ไม่ปรับปรุง,อยากให้แถมหัวปั๊มเพิ่มและรูปแบบขวดสวยงามกะทัดรัดใช้งานง่ายและอยากให้เพิ่มเนื้อผลไม้ในน้ำให้มากกว่านี้,5 บางนา สมุทรปราการ,,,,,,,,,,,,,,,,,,,,,
5/10/2024 16:32:40,ไม่มีแบรนด์,25-30,15,ซื้อเป็นขวด,70,ไม่ซื้อ Online เลย,"Big C, ร้านขายอุปกรณ์เบเกอรี่","เดินทางสะดวกร้านใกล้บ้าน, ราคาถูก, มีสินค้าให้เลือก, เปรียบเทียบราคา, ไปเลือกซื้อสินค้าอื่น ๆ เพิ่มเติม","ติ่งฟง, อิมพีเรียล","ทดลองชิม, ลูกค้า (ปากต่อปาก)",T : Transgender – ผู้หญิงหรือผู้ชายที่ข้ามเพศ,ไม่ปรับปรุง,ไม่ปรับปรุง,ลดลง,ไม่ปรับปรุง,เพิ่มขึ้น,ไม่ปรับปรุง,ไม่ปรับปรุง,เพิ่มขึ้น,ไม่ปรับปรุง,ไม่ปรับปรุง,ไม่ปรับปรุง,ไม่ปรับปรุง,เพิ่มขึ้น,ไม่ปรับปรุง,,5 บางนา สมุทรปราการ,,,,,,,,,,,,,,,,,,,,,
5/10/2024 16:45:37,ไม่มีแบรนด์,25,30,ซื้อเป็นขวด,60,ไม่ซื้อ Online เลย,ร้านขายอุปกรณ์เบเกอรี่,"เดินทางสะดวกร้านใกล้บ้าน, ราคาถูก, มีสินค้าให้เลือก, เปรียบเทียบราคา, ไปเลือกซื้อสินค้าอื่น ๆ เพิ่มเติม",ติ่งฟง,"ทดลองชิม, ",T : Transgender – ผู้หญิงหรือผู้ชายที่ข้ามเพศ,ไม่ปรับปรุง,ไม่ปรับปรุง,ลดลง,ไม่ปรับปรุง,ไม่ปรับปรุง,ไม่ปรับปรุง,ไม่ปรับปรุง,ไม่ปรับปรุง,ไม่ปรับปรุง,ไม่ปรับปรุง,ไม่ปรับปรุง,ไม่ปรับปรุง,ไม่ปรับปรุง,ไม่ปรับปรุง,เน้นราคาถูกให้มากกว่านี้,5 บางนา สมุทรปราการ,,,,,,,,,,,,,,,,,,,,,